closure_id	stable_order	source_commit	source_path	source_sha256	source_bytes	target_path	target_sha256	target_bytes	coverage_state
OLP-0001	1	9620cc73f9c8e0ad003c514a5d3748f29611c4c0	content/open-logic-about.tex	e4f2e2ec5d9957fa71df41e9ed100641fe08230f63af6065eaafcb3d37346f4a	1494	locale/tr/content/open-logic-about.tex	9d30f00f8d320feba9b09e62192e85790e5980050f89321a5767f96f8f5f6d4c	1728	complete
OLP-0002	2	9620cc73f9c8e0ad003c514a5d3748f29611c4c0	content/content.tex	b42cd7f4bfd4185ccda7f834a706973a728b2126498c873671924a77b4d8f1d6	2376	locale/tr/content/content.tex	a9abb8f329b682acea399a3ca61667fc1d369fc3294a242c72070fb9dc60d0ab	2458	complete
OLP-0003	3	9620cc73f9c8e0ad003c514a5d3748f29611c4c0	content/sets-functions-relations/sets-functions-relations-complete.tex	03e55d8ee2ec4586a5dc8b64e6fa59950c46da3cdee54267946015e7bbd989ed	738	locale/tr/content/sets-functions-relations/sets-functions-relations-complete.tex	3ccb553ad5129df098aba6c4db29c29634062118557c7b542ec163b9fc87e705	725	complete
OLP-0004	4	9620cc73f9c8e0ad003c514a5d3748f29611c4c0	content/sets-functions-relations/sets/sets.tex	eea34d38bb52811468a0025d348457a0f4d3f44aae4b7cabb28551d6328e2785	380	locale/tr/content/sets-functions-relations/sets/sets.tex	e40eab39c76f68f4d13c75d65ee25f33d18db1a3323744ca8bd38083118c4086	364	complete
OLP-0005	5	9620cc73f9c8e0ad003c514a5d3748f29611c4c0	content/sets-functions-relations/sets/basics.tex	8bc9151af0985e6e20c374aa38cddd1add7a8dffbabccc94b89f324f62c40f8c	3922	locale/tr/content/sets-functions-relations/sets/basics.tex	05b969a4d42f090daab737e87b482ac3dd7bf8050a1b100789864497a4a0f6e8	4211	complete
OLP-0006	6	9620cc73f9c8e0ad003c514a5d3748f29611c4c0	content/sets-functions-relations/sets/subsets.tex	5d982f62c40325cf75da4517add45ca073e23fb9463cfb3adfb9aafbb8582e46	3618	locale/tr/content/sets-functions-relations/sets/subsets.tex	9362c9b6280a1aedae99525c2e2ab1f4439855fddb71b5adb0b5220077477912	3982	complete
OLP-0007	7	9620cc73f9c8e0ad003c514a5d3748f29611c4c0	content/sets-functions-relations/sets/important-sets.tex	b1b998cad3fa5aef48670f755245f86efe00b239d332a50e764147602405fb32	2720	locale/tr/content/sets-functions-relations/sets/important-sets.tex	9ee41305d94ad008e5a495507fe7b9cd41c598fbebe29d930c1c541586d25c3c	2769	complete
OLP-0008	8	9620cc73f9c8e0ad003c514a5d3748f29611c4c0	content/sets-functions-relations/sets/unions-and-intersections.tex	2ad0eec70308ceeff2a4158b2dee60e59a9b1cf9268fc95c4bb1da05f65ad60d	6075	locale/tr/content/sets-functions-relations/sets/unions-and-intersections.tex	3531d0a54d2002b9a638baa6c099254927ff7aa3f9c417ef8111507b5a33f4d4	6281	complete
OLP-0009	9	9620cc73f9c8e0ad003c514a5d3748f29611c4c0	content/sets-functions-relations/sets/pairs-and-products.tex	3db7f0241d387b49488f70e78062c24192b813873618f761565d97bd7249431c	4645	locale/tr/content/sets-functions-relations/sets/pairs-and-products.tex	7bfd3f3080af1b4762636aece836a0ac5d3b04be195a31966786fd5c087e8748	5237	complete
OLP-0010	10	9620cc73f9c8e0ad003c514a5d3748f29611c4c0	content/sets-functions-relations/sets/russells-paradox.tex	9a76315cd0d9cf89d27e90a9b87138b1c95aea98e0d26de3fe12d897b8c4d10d	3761	locale/tr/content/sets-functions-relations/sets/russells-paradox.tex	538f5024792bfa5e9d43a6716cbe496423687924c15baf7a28adee6d15c15fc2	4234	complete
OLP-0011	11	9620cc73f9c8e0ad003c514a5d3748f29611c4c0	content/sets-functions-relations/relations/relations-complete.tex	7e1363f3e757004246334478742e4199101dbb2551fac272462454cd40161e23	438	locale/tr/content/sets-functions-relations/relations/relations-complete.tex	d57890ad935735236033c42ce0064adcaec893c49c96304d689464c0cf8c7910	418	complete
OLP-0012	12	9620cc73f9c8e0ad003c514a5d3748f29611c4c0	content/sets-functions-relations/relations/relations-as-sets.tex	412c6fa44ead94f076dfea7cd23f9e3cd748b08c1882dcb129b15f8efcf5c29c	5376	locale/tr/content/sets-functions-relations/relations/relations-as-sets.tex	34d156476f595e0117e424494a9c4d24d70cd7fa057502e5173abeee29e59896	5990	complete
OLP-0013	13	9620cc73f9c8e0ad003c514a5d3748f29611c4c0	content/sets-functions-relations/relations/reflections.tex	1f94c1032eaedb73b1de69e6f010b8e0c7437fe240ab280583ff358896fa4b27	4065	locale/tr/content/sets-functions-relations/relations/reflections.tex	45e868c400b2ffd15e313b1989bda45e22e18e271c5f0d3477233bc9b12779e1	4477	complete
OLP-0014	14	9620cc73f9c8e0ad003c514a5d3748f29611c4c0	content/sets-functions-relations/relations/special-properties.tex	f9bdfcb4c680ea58fdb209f0347c2f8055de96558caf69a26ec3ce8e1e7ce6a1	3165	locale/tr/content/sets-functions-relations/relations/special-properties.tex	ae615d01a19577cb85ff3004c730a051e076f98244500898337aac632f3a1271	3625	complete
OLP-0015	15	9620cc73f9c8e0ad003c514a5d3748f29611c4c0	content/sets-functions-relations/relations/equivalence-relations.tex	0b2167d0a9633938fd173d396f9e92b795826821471ff111483f7c7088a4be46	3470	locale/tr/content/sets-functions-relations/relations/equivalence-relations.tex	afd9525388a36c73c9fa4b8b83f4b22be3b43acad6610ae2bb21e26760a6a7d9	3668	complete
OLP-0016	16	9620cc73f9c8e0ad003c514a5d3748f29611c4c0	content/sets-functions-relations/relations/orders.tex	c6b7f7f49379f9cac28d844270639eae141152978ef8ad68065d0cfd83ccbd38	6476	locale/tr/content/sets-functions-relations/relations/orders.tex	67ff2488fa7c1e1cff1777585d3a7025f80f92432e0c664ba5d69f742a774a24	7285	complete
OLP-0017	17	9620cc73f9c8e0ad003c514a5d3748f29611c4c0	content/sets-functions-relations/relations/graphs.tex	a538018608ce97d0b371a392912c3d6825d8f3b17719bceca5744a77ace26351	3016	locale/tr/content/sets-functions-relations/relations/graphs.tex	e4e50eaa9879f9b4cafdc998b82b95eb8d909af44a9b014072fbc96726abbfd5	3072	complete
OLP-0018	18	9620cc73f9c8e0ad003c514a5d3748f29611c4c0	content/sets-functions-relations/relations/trees.tex	57cc56ee55506aa19e7be6129d2cad6b8635fd2d6407399d4f774782f2cdd588	5232	locale/tr/content/sets-functions-relations/relations/trees.tex	eb8f187c5f4b14274fd4145b417b996724ac9d840ca2ecab337094bcc2737983	5420	complete
OLP-0019	19	9620cc73f9c8e0ad003c514a5d3748f29611c4c0	content/sets-functions-relations/relations/operations.tex	5e6f57e9ddf53e1624955adabd594ea3855ad787c1074ba12421b0025b432372	2234	locale/tr/content/sets-functions-relations/relations/operations.tex	837bb2b4cf16a00eacd64e5b7c9e6fd7293d74d1e74ee5f4724f639fcb2e998c	2585	complete
OLP-0020	20	9620cc73f9c8e0ad003c514a5d3748f29611c4c0	content/sets-functions-relations/functions/functions.tex	ce481e97a8f301c749d1461326b4ee3d0792b4adc15a1fceb7c6ed3b58ceca54	425	locale/tr/content/sets-functions-relations/functions/functions.tex	89a62d4b286b55bddf2e7493cb1270b4642ac016af12ee7e8020596b77ce1774	406	complete
OLP-0021	21	9620cc73f9c8e0ad003c514a5d3748f29611c4c0	content/sets-functions-relations/functions/function-basics.tex	f01a58d84a175f42d8c233ef0e7d41c23d406b54e8f11475c14514b64eca3dc7	5583	locale/tr/content/sets-functions-relations/functions/function-basics.tex	f35f3955d7958317dc6642629abcc70121c25e4462d606c252aee9c3983aa702	5858	complete
OLP-0022	22	9620cc73f9c8e0ad003c514a5d3748f29611c4c0	content/sets-functions-relations/functions/function-kinds.tex	6dfe2a70579f8e3521d8e2286e2360dd58a19fbeda9718b62342105388ab4f93	4012	locale/tr/content/sets-functions-relations/functions/function-kinds.tex	87bae39f90e5aa33ec71a1693aa365f4cadddf30106825a76c19ff0b842ab6a4	4102	complete
OLP-0023	23	9620cc73f9c8e0ad003c514a5d3748f29611c4c0	content/sets-functions-relations/functions/functions-relations.tex	0205f7168e0679f513e7c95ea7124ce364bce36f9e04f06d519e90f6a5480a5c	3984	locale/tr/content/sets-functions-relations/functions/functions-relations.tex	e633eb0f54f48d340aac8c295c499e9d4789c15360f011029b7eae2a2f9b31e6	4362	complete
OLP-0024	24	9620cc73f9c8e0ad003c514a5d3748f29611c4c0	content/sets-functions-relations/functions/inverses.tex	93a84a2705e1ed3c92a7f5206c4308420bebbbbcb43824c1eb50e05f83777c4b	6924	locale/tr/content/sets-functions-relations/functions/inverses.tex	92f874b697c6003c29fa0826ccb19b282135657d416bd7161e21f498ab9dfb54	7455	complete
OLP-0025	25	9620cc73f9c8e0ad003c514a5d3748f29611c4c0	content/sets-functions-relations/functions/composition.tex	091c7ab9e4d0517b2a62f4ecf10e4eb75f0f83e31e1bbd9c365c4b751b981fee	2572	locale/tr/content/sets-functions-relations/functions/composition.tex	98d2ea5f1a5aba70b678f92bae03b5c733b4925296ca93bdfbd21848ab38800f	2767	complete
OLP-0026	26	9620cc73f9c8e0ad003c514a5d3748f29611c4c0	content/sets-functions-relations/functions/partial-functions.tex	2a1e79725a70fde443cc3c19c325a2c422c49e7ccd095c965f8c50fd5cc6b10b	2676	locale/tr/content/sets-functions-relations/functions/partial-functions.tex	01320e6aa60054d71afb65dfcc94f16bccb8e54920b16b198509b5c43024b8d1	2793	complete
OLP-0027	27	9620cc73f9c8e0ad003c514a5d3748f29611c4c0	content/sets-functions-relations/size-of-sets/size-of-sets-complete.tex	d2b1a2f68e99efc2e5fd9f15316db26d7f898bd61135213309f61d28a6f00a60	1501	locale/tr/content/sets-functions-relations/size-of-sets/size-of-sets-complete.tex	6fb67bda72873b75de508ff641d63903138e8c3ccbd512125d7ac570954ef87e	1613	complete
OLP-0028	28	9620cc73f9c8e0ad003c514a5d3748f29611c4c0	content/sets-functions-relations/size-of-sets/introduction.tex	e771bd78d2b9819350b17f333524e22ce44a26647916f5b864cb934e380c1fb9	1126	locale/tr/content/sets-functions-relations/size-of-sets/introduction.tex	2820d304b65717f9de77080a219838d623c2b769b776eee5c8b52b723cbc9ff2	1205	complete
OLP-0029	29	9620cc73f9c8e0ad003c514a5d3748f29611c4c0	content/sets-functions-relations/size-of-sets/enumerability.tex	7657db317a07eef9cd5497ad88997483dd43c9f94f27d257abe857084886a2fe	12285	locale/tr/content/sets-functions-relations/size-of-sets/enumerability.tex	bf956712922abb8aaeee676b64d8fa5e8464e354a0217bf5d9bf60a4d8469f83	13183	complete
OLP-0030	30	9620cc73f9c8e0ad003c514a5d3748f29611c4c0	content/sets-functions-relations/size-of-sets/zig-zag.tex	18bf058d52e22b9dbc7a08af314b58c81f35dd4009c0ccf726a0d00aec391dee	4502	locale/tr/content/sets-functions-relations/size-of-sets/zig-zag.tex	cc4cff86f53b83eef43a93cf8cdd60769f674e3f220fb7745b102f983855059d	4582	complete
OLP-0031	31	9620cc73f9c8e0ad003c514a5d3748f29611c4c0	content/sets-functions-relations/size-of-sets/pairing.tex	345a39184e28af727e378d5b5883b5e7d2e1c27cd729329376d19426ddaed484	4171	locale/tr/content/sets-functions-relations/size-of-sets/pairing.tex	98292c56e44af8e32c1aa5842e283bf07758e62bef3cdfe8300eee56c5957788	4849	complete
OLP-0032	32	9620cc73f9c8e0ad003c514a5d3748f29611c4c0	content/sets-functions-relations/size-of-sets/pairing-alt.tex	fd523f5306e1fd0e5c03f4c572d244fb017d1c0be27939f180bc6867a214e425	4705	locale/tr/content/sets-functions-relations/size-of-sets/pairing-alt.tex	53f7765b199b45776200f7e8e93f8f4baf31d77a148ac60f28b14ce71dbe0e55	4710	complete
OLP-0033	33	9620cc73f9c8e0ad003c514a5d3748f29611c4c0	content/sets-functions-relations/size-of-sets/non-enumerability.tex	a272a841f8c50bda6589aac40278b9bff7f8a1f5284730c7195423b09ac3ba2e	9412	locale/tr/content/sets-functions-relations/size-of-sets/non-enumerability.tex	5bfc5b3e1001349ab6ab5a21e52c39a6d41c12a2b984b6735b71edb820ac61a3	9729	complete
OLP-0034	34	9620cc73f9c8e0ad003c514a5d3748f29611c4c0	content/sets-functions-relations/size-of-sets/reduction.tex	33f0cbb35c8c1fa3ff0e4f44fa626fdc298d1c4612aeaafb41bcb920e5d18ac8	5678	locale/tr/content/sets-functions-relations/size-of-sets/reduction.tex	436c83545db4f665ee6081c07028f1e513318ce5d2688ce43bab45939a5d4975	6153	complete
OLP-0035	35	9620cc73f9c8e0ad003c514a5d3748f29611c4c0	content/sets-functions-relations/size-of-sets/equinumerous-sets.tex	7b0444e3293b300b72b7a6d49638913a778f5131fd94650dd64a5f11040c91f2	4252	locale/tr/content/sets-functions-relations/size-of-sets/equinumerous-sets.tex	2bb5d859e92014cb83c4d155a1ba5203c82ac2ced648b52f6f867785e8416c5f	4460	complete
OLP-0036	36	9620cc73f9c8e0ad003c514a5d3748f29611c4c0	content/sets-functions-relations/size-of-sets/comparing-size.tex	cb92c7e6df9529ced700d708ad8c6efda9a0d8c3f8e69d08bcb4d614c6f5041b	6827	locale/tr/content/sets-functions-relations/size-of-sets/comparing-size.tex	1366dbcdf74c7805a806c166a01dfacbcaf2e8b05b28bc49c705256313ab06d6	7446	complete
OLP-0037	37	9620cc73f9c8e0ad003c514a5d3748f29611c4c0	content/sets-functions-relations/size-of-sets/schroder-bernstein.tex	7b99b3e032e24e425383734ce80ad9a5cc37d018c09205e02f37b927d50bb56a	1998	locale/tr/content/sets-functions-relations/size-of-sets/schroder-bernstein.tex	3adfcf74534dbb95c3805504a1457b1d08f538c5501fa6c877b8426139a82ad6	1943	complete
OLP-0038	38	9620cc73f9c8e0ad003c514a5d3748f29611c4c0	content/sets-functions-relations/size-of-sets/enumerability-alt.tex	8ad8d8941a5ca6d1b4cd2cc351fc16a912d00273783c0358838dd4fa51fb4627	4883	locale/tr/content/sets-functions-relations/size-of-sets/enumerability-alt.tex	ef0e67f4c0c18c32509c068f94bf8866af458ed48fa7efea27ce0176d8484cb2	5177	complete
OLP-0039	39	9620cc73f9c8e0ad003c514a5d3748f29611c4c0	content/sets-functions-relations/size-of-sets/non-enumerability-alt.tex	0c20a2c420fbf4dbd801bb97e37799b3c602ae33ef2b1dc85ff94e24208ca2bb	6735	locale/tr/content/sets-functions-relations/size-of-sets/non-enumerability-alt.tex	615970c9db9a0ac121d53995f9f73cc689144ba352e274129ab3d4c545b144b2	7111	complete
OLP-0040	40	9620cc73f9c8e0ad003c514a5d3748f29611c4c0	content/sets-functions-relations/size-of-sets/reduction-alt.tex	46381b85c0e9a1ab48cb9301518de91f073d649c3b1119325c1409f5a6c1d663	5639	locale/tr/content/sets-functions-relations/size-of-sets/reduction-alt.tex	ba71b0c1d4b011b84fb105697f6c1a4d95c8011efc7d81acb968576352b7f08a	6189	complete
OLP-0041	41	9620cc73f9c8e0ad003c514a5d3748f29611c4c0	content/sets-functions-relations/arithmetization/arithmetization.tex	05f8775a82c294927a6195ae372c1910e4777909fe8ad2aaa9cbf6dea566fe24	575	locale/tr/content/sets-functions-relations/arithmetization/arithmetization.tex	d51cf22bac4782e2bc57355ea093d20dc8cb89ac3fd17d47803226f66b25e9ac	558	complete
OLP-0042	42	9620cc73f9c8e0ad003c514a5d3748f29611c4c0	content/sets-functions-relations/arithmetization/integers.tex	f93b142146b9527128437355d7e3922204eede2ca9c75a941d3c09a9a848ce77	5572	locale/tr/content/sets-functions-relations/arithmetization/integers.tex	8cb4b0b7377771a0cf29d3020a8d1804f2dff0ab5eca444d36319939fffc865a	5751	complete
OLP-0043	43	9620cc73f9c8e0ad003c514a5d3748f29611c4c0	content/sets-functions-relations/arithmetization/rationals.tex	7140495368042fcbc55907e6ee568c5bc8b7066e44a01a50cbf4202acebe71d2	3255	locale/tr/content/sets-functions-relations/arithmetization/rationals.tex	c381552779c8879d2952d6e183b28aa985f39a94c7f39532b218548c83a294b8	3560	complete
OLP-0044	44	9620cc73f9c8e0ad003c514a5d3748f29611c4c0	content/sets-functions-relations/arithmetization/reals.tex	3df30161417b836178ff701aa3d778b9ec7c1ba8e3a8a54f98b5584a7960f453	4654	locale/tr/content/sets-functions-relations/arithmetization/reals.tex	5de45f44ae38d90636f7b0eda5c67012bd63b3d2032a487c2ba76c1220e06096	5054	complete
OLP-0045	45	9620cc73f9c8e0ad003c514a5d3748f29611c4c0	content/sets-functions-relations/arithmetization/cuts.tex	e7cb1029bcb0f0f1ac677c005af8d4e6a10df84bfff50c7483447b972324b44c	5825	locale/tr/content/sets-functions-relations/arithmetization/cuts.tex	066825f5979ef313ede95060cd68847a6baa64a13bda2688ceda2b73af989d8f	6443	complete
OLP-0046	46	9620cc73f9c8e0ad003c514a5d3748f29611c4c0	content/sets-functions-relations/arithmetization/reflections.tex	01032be342b6892c970733acf0b553216c39c5e864c0378d25fea8c5eaa11ead	5326	locale/tr/content/sets-functions-relations/arithmetization/reflections.tex	cdc91682656d8f3f52506ed47711568953dbfca850d3532350038c87303e071b	5567	complete
OLP-0047	47	9620cc73f9c8e0ad003c514a5d3748f29611c4c0	content/sets-functions-relations/arithmetization/checking-details.tex	d791c146f159c8e43368c12cd1a10e61a53f501baf9f3d2c606c7bd589c0ae01	8707	locale/tr/content/sets-functions-relations/arithmetization/checking-details.tex	07f433d9294281a05eef49c8cafb3f56c69e6266cd5b95cfd76150700364e5b4	9466	complete
OLP-0048	48	9620cc73f9c8e0ad003c514a5d3748f29611c4c0	content/sets-functions-relations/arithmetization/cauchy.tex	35d0a39913340eadcab7fb9d7742b56aef0d0f29868cd65eeca9dc53694e8ac2	10928	locale/tr/content/sets-functions-relations/arithmetization/cauchy.tex	607963571ff6ffac213344f279ac72bf820b9f2e04489e60ca7a2bb0976fec0f	12179	complete
OLP-0049	49	9620cc73f9c8e0ad003c514a5d3748f29611c4c0	content/sets-functions-relations/infinite/infinite.tex	1f4a788f692454adc1a93e2670899f785f45ee9849952ac2f36fce7cdd77dbff	458	locale/tr/content/sets-functions-relations/infinite/infinite.tex	33d4e142971ea18d20aa106c869cceab5c18a9f46854b0531cbc3c7028a2a38d	468	complete
OLP-0050	50	9620cc73f9c8e0ad003c514a5d3748f29611c4c0	content/sets-functions-relations/infinite/hilberts-hotel.tex	e9a73caefcc496d7074251a3ac15f66fd577415bd3a531dd23f79375502ee0ed	2551	locale/tr/content/sets-functions-relations/infinite/hilberts-hotel.tex	ac5d3d9988c89f194c22b81529ed5828d795c7a39cc446b45e2468a3e712943a	2586	complete
OLP-0051	51	9620cc73f9c8e0ad003c514a5d3748f29611c4c0	content/sets-functions-relations/infinite/dedekind-algebra.tex	9cee716bb8cb3bfd507ed5c17bbd4477d05995af6f8f8d411087793bdaa86036	5072	locale/tr/content/sets-functions-relations/infinite/dedekind-algebra.tex	697dfa3570f017dc3de40acec59b0cd300c9e834b5bdb895c9114ca795878543	5527	complete
OLP-0052	52	9620cc73f9c8e0ad003c514a5d3748f29611c4c0	content/sets-functions-relations/infinite/dedekind-induction.tex	ea5f6c80d70abca6f5598de3e221c2f60524c40cbf533ae8a5336d5bb7186537	3486	locale/tr/content/sets-functions-relations/infinite/dedekind-induction.tex	c66910fa51fc0554c5195813f11a6dda6c35a88cace66024cadce17f81434552	3815	complete
OLP-0053	53	9620cc73f9c8e0ad003c514a5d3748f29611c4c0	content/sets-functions-relations/infinite/dedekinds-proof.tex	a7c41cebb6b7b0e2bed0d187777be4ba69fecdb17baa070975a0ca5c5c55b8bf	5886	locale/tr/content/sets-functions-relations/infinite/dedekinds-proof.tex	7ecdf3a16f02c764c4a42c2b66358692cd9f33278169254b0410217433242576	6111	complete
OLP-0054	54	9620cc73f9c8e0ad003c514a5d3748f29611c4c0	content/sets-functions-relations/infinite/card-sb.tex	88534a3f2be736a704ab31343e45933edb9712fa5b4411eb102c0f4a12d656e9	4143	locale/tr/content/sets-functions-relations/infinite/card-sb.tex	dfb01c8e6eea562d8ec61f71c43724e060bc2c605e79f7405e0a8085e6c05842	4722	complete
OLP-0055	55	9620cc73f9c8e0ad003c514a5d3748f29611c4c0	content/propositional-logic/propositional-logic.tex	8cfcb14b29eae3ae53c6ef626987e2323b8c870010e27d52d454296f24452799	1495	locale/tr/content/propositional-logic/propositional-logic.tex	a2e839f62a12db3dfff79afdbffa839a34c0b39b7ce8b4110ddabc25b6f26592	1595	complete
OLP-0056	56	9620cc73f9c8e0ad003c514a5d3748f29611c4c0	content/propositional-logic/syntax-and-semantics/syntax-and-semantics.tex	799d1dab63cda19a28c1dbf7097052fb790bbce609aecd5367d2e368decdb18b	609	locale/tr/content/propositional-logic/syntax-and-semantics/syntax-and-semantics.tex	ff51a86a435a292d4010f3bfb862853b8264a843a679c5e7d9423e532ba8addc	620	complete
OLP-0057	57	9620cc73f9c8e0ad003c514a5d3748f29611c4c0	content/propositional-logic/syntax-and-semantics/introduction.tex	2ad06497283fa1399d56862c75caf1a418bb753fbb0195658af9f0c57183a441	4227	locale/tr/content/propositional-logic/syntax-and-semantics/introduction.tex	27b5449722fbf3e5c740e375bc98328f0f63b1d8f09cec6a5e6526aab6bd9cde	4723	complete
OLP-0058	58	9620cc73f9c8e0ad003c514a5d3748f29611c4c0	content/propositional-logic/syntax-and-semantics/formulas.tex	8777d77e48e3a41a527b1b737c67e00cb7850f4fa0902ce24846000b40724756	7203	locale/tr/content/propositional-logic/syntax-and-semantics/formulas.tex	accf8a368bb8879e63dffd217002453750819af2cfba9304c80c9324b3c14552	7380	complete
OLP-0059	59	9620cc73f9c8e0ad003c514a5d3748f29611c4c0	content/propositional-logic/syntax-and-semantics/preliminaries.tex	78673f8419aa1f936f1ecc5629c0fa92c74fd4ee3102badf5f389e3d775f48d6	4271	locale/tr/content/propositional-logic/syntax-and-semantics/preliminaries.tex	cee28746c1857da68fe9f998ffeecee31338850e623b00a0e9792bea57541882	4470	complete
OLP-0060	60	9620cc73f9c8e0ad003c514a5d3748f29611c4c0	content/propositional-logic/syntax-and-semantics/formation-sequences.tex	4057bf6b85c70ad9ee56dc5365b21a1daa0a99550079bdafb1ab16f36b943356	5431	locale/tr/content/propositional-logic/syntax-and-semantics/formation-sequences.tex	804cc19084a0c8ae9f6bdc8fb0bea5c07d582a6dcaa6986741e8bd960af4e46f	5433	complete
OLP-0061	61	9620cc73f9c8e0ad003c514a5d3748f29611c4c0	content/propositional-logic/syntax-and-semantics/valuations-sat.tex	d1454e8c2366f3a204a371523f41feacbdc72402f7a3a7ae6635b60b17c90481	6190	locale/tr/content/propositional-logic/syntax-and-semantics/valuations-sat.tex	3bc8af724f2c6ba06c5ab3524b8e5c9f1953048be896444352a874d2de0954f9	6418	complete
OLP-0062	62	9620cc73f9c8e0ad003c514a5d3748f29611c4c0	content/propositional-logic/syntax-and-semantics/semantic-notions.tex	0167b2bab0dc2a75d011556643190a246d29831244a60bde5515b1b2f431406a	3058	locale/tr/content/propositional-logic/syntax-and-semantics/semantic-notions.tex	7901afbe4feef40f06a300b3318da4e0d325858c82b92456a85a02e9a8a251c3	3137	complete
OLP-0063	63	9620cc73f9c8e0ad003c514a5d3748f29611c4c0	content/first-order-logic/proof-systems/proof-systems.tex	85b8a0fca16c329ad16b3c17975735c159e0cf9d38e8dfc7501acba84171fb6c	735	locale/tr/content/first-order-logic/proof-systems/proof-systems.tex	ed2cd7d466b60fd5c87adbe7ef2a30d54324b242ebcbfba1e0c13a401954ad80	734	complete
OLP-0064	64	9620cc73f9c8e0ad003c514a5d3748f29611c4c0	content/first-order-logic/proof-systems/introduction.tex	5172343625a0d66971257858a1a6e359805ffeec979bd5afdc0377864799a756	5304	locale/tr/content/first-order-logic/proof-systems/introduction.tex	b798c8f248a07042a0a9f2d73c8fc55d676e4a70a76ee99cca3a1feea5be36f8	5915	complete
OLP-0065	65	9620cc73f9c8e0ad003c514a5d3748f29611c4c0	content/first-order-logic/proof-systems/sequent-calculus.tex	9a847c7bd45afe0d177230807fb2ba9dda820b4c0551a9274002db8776182003	2986	locale/tr/content/first-order-logic/proof-systems/sequent-calculus.tex	f661d8db744f2126c1c9586c4d1532b24b00cd63742a1475c3f2413027bcc8c6	3014	complete
OLP-0066	66	9620cc73f9c8e0ad003c514a5d3748f29611c4c0	content/first-order-logic/proof-systems/natural-deduction.tex	c203daa5161eed34188e9fb9022b83be4f0201904f31cef386c5b838fb9e7d49	4624	locale/tr/content/first-order-logic/proof-systems/natural-deduction.tex	1acd92e5e458841d271c0d0af8f5e47a8aea4cf2e170d1f67492ee961fc3bb7b	4841	complete
OLP-0067	67	9620cc73f9c8e0ad003c514a5d3748f29611c4c0	content/first-order-logic/proof-systems/tableaux.tex	6abf691f97c618dd41bc0c30a21dcf74fa7025228aa378cfd9f0369a898c2966	4003	locale/tr/content/first-order-logic/proof-systems/tableaux.tex	6ad9d7ecba49d0aaee87ff621e039950d37f2a3534b0c5c874e134e96385f743	4294	complete
OLP-0068	68	9620cc73f9c8e0ad003c514a5d3748f29611c4c0	content/first-order-logic/proof-systems/axiomatic-deduction.tex	0269390efeb94a0522020ce00d45f1d1e752e4a32db564b7519d7a939fa13034	4020	locale/tr/content/first-order-logic/proof-systems/axiomatic-deduction.tex	ae8a6627adf1b1703c8d723cafc63bb2844b8c9610d63cc9d9ab0c5ec876971b	4476	complete
OLP-0069	69	9620cc73f9c8e0ad003c514a5d3748f29611c4c0	content/first-order-logic/sequent-calculus/sequent-calculus.tex	8cbb6df83670a2586d10ef405c78ed4f75102f8d63903eef93e7ac2b8ea3b603	1130	locale/tr/content/first-order-logic/sequent-calculus/sequent-calculus.tex	5a27d2dd6ded29d5430563fdaabc8a0fb943451414af1abfceaac60146b4f2e9	1152	complete
OLP-0070	70	9620cc73f9c8e0ad003c514a5d3748f29611c4c0	content/first-order-logic/sequent-calculus/rules-and-proofs.tex	a598b850cb425035d0c7a01b88bb491502c840fc76c2bd3dbe7e2dda5487d706	2884	locale/tr/content/first-order-logic/sequent-calculus/rules-and-proofs.tex	b1dcd28e06fa55eba5220e2cfe6db896bc46ec588ab1137755e915727a826bb0	2965	complete
OLP-0071	71	9620cc73f9c8e0ad003c514a5d3748f29611c4c0	content/first-order-logic/sequent-calculus/propositional-rules.tex	2a030e59a3a3156f61ff949e10a8a1470a0be80a419851fc56821aa458092ade	2104	locale/tr/content/first-order-logic/sequent-calculus/propositional-rules.tex	3c89a695c1b549375e58d1c13bdae477faa72b4a7ac542071ff592d37a649fb9	2044	complete
OLP-0072	72	9620cc73f9c8e0ad003c514a5d3748f29611c4c0	content/first-order-logic/sequent-calculus/quantifier-rules.tex	254abc98503c7370e046c43f8fec7cf7b5e9909be2959b0f1c513bb278d85b78	3956	locale/tr/content/first-order-logic/sequent-calculus/quantifier-rules.tex	0ad5880c4dd451c40b812a25f2164301a3d53c8397f6740ff488d17f5fcfdc11	4150	complete
OLP-0073	73	9620cc73f9c8e0ad003c514a5d3748f29611c4c0	content/first-order-logic/sequent-calculus/structural-rules.tex	ea1ca77eca03ec566cc900b2399e95002b4cfc07eb3549a3f19da9ee23a09793	2237	locale/tr/content/first-order-logic/sequent-calculus/structural-rules.tex	eb6d830a69aeff55277df71b07c2d5a7e9bb7ff6a99f46714ff82f09b1ec83c0	2328	complete
OLP-0074	74	9620cc73f9c8e0ad003c514a5d3748f29611c4c0	content/first-order-logic/sequent-calculus/derivations.tex	0d47d6984b609f00edfec9acc49c85d33ac001609f10e5e501cbd96f3a5f63dd	4360	locale/tr/content/first-order-logic/sequent-calculus/derivations.tex	b9cef7e6343718082c9c479d421faf137fcc960d0c2707a3c681f0f70c9c543a	4392	complete
OLP-0075	75	9620cc73f9c8e0ad003c514a5d3748f29611c4c0	content/first-order-logic/sequent-calculus/proving-things.tex	73fa9c16dcbd072ac535c251fa02fc78640b82381d57162817043a6ad578b18e	12749	locale/tr/content/first-order-logic/sequent-calculus/proving-things.tex	3f70ce35af4b1999dd0c0dc827d7e421769ad4f48fc1d8eed3a233ca3c51f18e	12545	complete
OLP-0076	76	9620cc73f9c8e0ad003c514a5d3748f29611c4c0	content/first-order-logic/sequent-calculus/proving-things-quant.tex	9c249f76aa00ddc5b64b68179b052d7df7e7ffa69be413de20796d98bd80389d	4612	locale/tr/content/first-order-logic/sequent-calculus/proving-things-quant.tex	727f8744a0123d976f0fdd5ba3c49c2a1d75a1def5a718036ed0a1350e40cb3e	4571	complete
OLP-0077	77	9620cc73f9c8e0ad003c514a5d3748f29611c4c0	content/first-order-logic/sequent-calculus/proof-theoretic-notions.tex	aea2dd5d73394a3cd97b72ada3e7d21aac0113cc4d995b54196a5506b1fa5a81	6084	locale/tr/content/first-order-logic/sequent-calculus/proof-theoretic-notions.tex	1c8e064c71a5bd55a6f3001c4ec99bb4ab8b7754681f692e7a8e2f8fb3939890	6629	complete
OLP-0078	78	9620cc73f9c8e0ad003c514a5d3748f29611c4c0	content/first-order-logic/sequent-calculus/provability-consistency.tex	3e784d39f38d393203a7623b34e8fcad64e3299c102ee2ef96a812b5e6c8c229	4129	locale/tr/content/first-order-logic/sequent-calculus/provability-consistency.tex	1c0109e74b05e25b817e5ce080a9b9f25fcab87341aeb8a7d1a7effb8ed53c43	4321	complete
OLP-0079	79	9620cc73f9c8e0ad003c514a5d3748f29611c4c0	content/first-order-logic/sequent-calculus/provability-propositional.tex	13dd017159225b5fc9bcaa38c927fda407264d59c1305ebfd49329a85f5b9fa8	4649	locale/tr/content/first-order-logic/sequent-calculus/provability-propositional.tex	5b3864701dd739036307475ba40ee0960894dd11bedd6ce9a84b74781494410b	4634	complete
OLP-0080	80	9620cc73f9c8e0ad003c514a5d3748f29611c4c0	content/first-order-logic/sequent-calculus/provability-quantifiers.tex	eb63f32c87bbdbef776a65a4c1da758fd5671e47e3c4171f224d3214b31aa48f	1841	locale/tr/content/first-order-logic/sequent-calculus/provability-quantifiers.tex	4254a283854ead1d46bb8017dc364b4c741d743b0e7e2fc883fa309c597f7f94	1800	complete
OLP-0081	81	9620cc73f9c8e0ad003c514a5d3748f29611c4c0	content/first-order-logic/sequent-calculus/soundness.tex	d9f6180bee35f29553144b6eca5a1eb1916e0262dcdc8c30f50193a53d8001fa	18047	locale/tr/content/first-order-logic/sequent-calculus/soundness.tex	4366d23c43a203b270806c82944db8e7de317eb935d1b86d71ad927a8008bfeb	18511	complete
OLP-0082	82	9620cc73f9c8e0ad003c514a5d3748f29611c4c0	content/first-order-logic/sequent-calculus/identity.tex	f9abed3c3d8c2079b2be27fdcb551c8f1987d1b4db18ece56d4c9e1a7b066856	2457	locale/tr/content/first-order-logic/sequent-calculus/identity.tex	1ec6ce352016e9a14374846f2977339a170120cde4a1c7734b69bd0a59974058	2474	complete
OLP-0083	83	9620cc73f9c8e0ad003c514a5d3748f29611c4c0	content/first-order-logic/sequent-calculus/soundness-identity.tex	da0c929628dc2c252d9d48d2fff02439e26c7a984db958943aa6cd55bb4ffeb5	1807	locale/tr/content/first-order-logic/sequent-calculus/soundness-identity.tex	74f33ebd40aeb2ab29aca997dab5668e7e498cef8f69933162fafd77cfc9dd9c	1885	complete
OLP-0084	84	9620cc73f9c8e0ad003c514a5d3748f29611c4c0	content/first-order-logic/natural-deduction/natural-deduction.tex	8fa1e5a3e1211ce9c55e0ff66acbb8d5a6a9af360529d7775587a626fbe49b8e	1032	locale/tr/content/first-order-logic/natural-deduction/natural-deduction.tex	944747bac1139da1fcc7538194bf8b79077d3b4abc08f637f012316fee001486	1023	complete
OLP-0085	85	9620cc73f9c8e0ad003c514a5d3748f29611c4c0	content/first-order-logic/natural-deduction/rules-and-proofs.tex	0556326eefd6fbb957243d9f94969fd23adefb4af69f80419d4a2818d53088f0	2113	locale/tr/content/first-order-logic/natural-deduction/rules-and-proofs.tex	72a821a9109446d5c9325534ae54886b3af36065c550086b30a2c55bf1b61a0d	2229	complete
OLP-0086	86	9620cc73f9c8e0ad003c514a5d3748f29611c4c0	content/first-order-logic/natural-deduction/propositional-rules.tex	c22d2603cc9c4a79d630a4bc00b817c57c07b000e5d4bc443815e13b4f4cb515	2506	locale/tr/content/first-order-logic/natural-deduction/propositional-rules.tex	3bb8e522517270086ff11cdad32db6aa5b157a9cd00a7f341cb5a9b96b2bfa1d	2451	complete
OLP-0087	87	9620cc73f9c8e0ad003c514a5d3748f29611c4c0	content/first-order-logic/natural-deduction/quantifier-rules.tex	5d9c3a507fe1b79e4d376963b5e3efca4a3352cc7cef7d18255c61e60592f71b	4112	locale/tr/content/first-order-logic/natural-deduction/quantifier-rules.tex	533d22556c3af5555d251e1f927e27d154b45ebea2d6baf0dd2df2fe3f6ecb32	4376	complete
OLP-0088	88	9620cc73f9c8e0ad003c514a5d3748f29611c4c0	content/first-order-logic/natural-deduction/derivations.tex	04cdbaa301a71243b78d880551ce2f8edbf6f059764eceacd5b8910f0459cb26	3825	locale/tr/content/first-order-logic/natural-deduction/derivations.tex	a547df894cf000f64e82aefc08a4737da0fff759bf6711ec695b7e548fe8bde9	3913	complete
OLP-0089	89	9620cc73f9c8e0ad003c514a5d3748f29611c4c0	content/first-order-logic/natural-deduction/proving-things.tex	ff58b86389a21dbc6f240f49e62d5fca0bdb4d3ba54e0d364792cdcddd34724f	11372	locale/tr/content/first-order-logic/natural-deduction/proving-things.tex	68bc12a1043ed1cf6fd996081e8da9372b0b90eb2663cb0118308cd1b409f8ec	11279	complete
OLP-0090	90	9620cc73f9c8e0ad003c514a5d3748f29611c4c0	content/first-order-logic/natural-deduction/proving-things-quant.tex	6f49b930a86f60a1cca318d70259378f7bc6b5ebb76f307665c4eb4363e8235f	9803	locale/tr/content/first-order-logic/natural-deduction/proving-things-quant.tex	f075cf0837b8e6cc24a5a6c202ab8c78f2498bf1a742d05beffc56c127166b16	9803	complete
OLP-0091	91	9620cc73f9c8e0ad003c514a5d3748f29611c4c0	content/first-order-logic/natural-deduction/proof-theoretic-notions.tex	7e05743251dd0c5071685193a98c28baea1c77b06836f11e3f3e3aa6a6bd9198	5198	locale/tr/content/first-order-logic/natural-deduction/proof-theoretic-notions.tex	81be14ffb5b83fa272f79e0abfcf976f35f3d5fae8c8f6534d153d47e90242da	5443	complete
OLP-0092	92	9620cc73f9c8e0ad003c514a5d3748f29611c4c0	content/first-order-logic/natural-deduction/provability-consistency.tex	9d967013e14c7f911bf612ddab65b22a2e5f8d90f182926741c0bf7cab5076bc	4037	locale/tr/content/first-order-logic/natural-deduction/provability-consistency.tex	e99481f4639e801bab374d3a4a5aea23bcdc435a485ef4c075db76ec184b21d2	4153	complete
OLP-0093	93	9620cc73f9c8e0ad003c514a5d3748f29611c4c0	content/first-order-logic/natural-deduction/provability-propositional.tex	7be41cbf7877f1b7163f3cc9ad98867b4cf793b69f4a98e5734f731e3e802016	3950	locale/tr/content/first-order-logic/natural-deduction/provability-propositional.tex	917f242aa4db1d3719995759cafa2daf329709abf7d5a8cead488b66d137dae7	3956	complete
OLP-0094	94	9620cc73f9c8e0ad003c514a5d3748f29611c4c0	content/first-order-logic/natural-deduction/provability-quantifiers.tex	c4a24bb64b2d02c75fcf5dcebe13d48c4684afd8f210da029ceefcb450990bf1	1796	locale/tr/content/first-order-logic/natural-deduction/provability-quantifiers.tex	8b5401cea6688d333f35eaa7eac17f67e44b4cc56d0d47b5389b1cb11cae8ad0	1763	complete
OLP-0095	95	9620cc73f9c8e0ad003c514a5d3748f29611c4c0	content/first-order-logic/natural-deduction/soundness.tex	e470b5e3a94dd4445dcedc0bbb2d4bb9c5520a3f79ea754f37e4ae1501376e35	13330	locale/tr/content/first-order-logic/natural-deduction/soundness.tex	c521c46024d412d416af16009eca589147a9141232c191ffcb7b709b653b0881	13733	complete
OLP-0096	96	9620cc73f9c8e0ad003c514a5d3748f29611c4c0	content/first-order-logic/natural-deduction/identity.tex	d5df1d1bb3818a275e2439a584a3851036870182afde592fa6e8f80b55c00add	3953	locale/tr/content/first-order-logic/natural-deduction/identity.tex	4c1c6f85576866c69eb2b7410e7f1ff713416b32f44389f69e5532287658374b	4055	complete
OLP-0097	97	9620cc73f9c8e0ad003c514a5d3748f29611c4c0	content/first-order-logic/natural-deduction/soundness-identity.tex	2544f37fa6d7a3d81b12c7e7309e1416680df9ee0d8d4e033084299370da0bc8	1653	locale/tr/content/first-order-logic/natural-deduction/soundness-identity.tex	6da4b3855c943c6dfe3023d787928e13b3d2b34b6a85a326f506cd329cc96311	1811	complete
OLP-0098	98	9620cc73f9c8e0ad003c514a5d3748f29611c4c0	content/first-order-logic/tableaux/tableaux.tex	eaf9e7719e1e71efb2b82fa80bae67063790e30ef901686a065a23536e253098	980	locale/tr/content/first-order-logic/tableaux/tableaux.tex	7b5a2dace53daaa487e364a87496b2d3db17dbe291506a841ec3df55af3a037f	996	complete
OLP-0099	99	9620cc73f9c8e0ad003c514a5d3748f29611c4c0	content/first-order-logic/tableaux/rules-and-proofs.tex	93cbe7b304b8ad0c3140c23d139dccdf37df9fe8756cb25d8ca47efe1ee6f84d	2525	locale/tr/content/first-order-logic/tableaux/rules-and-proofs.tex	0cdec55854ad889cfe22e9f6eadf68bfe27d821493dc7945a95be6dc48d7de5d	2803	complete
OLP-0100	100	9620cc73f9c8e0ad003c514a5d3748f29611c4c0	content/first-order-logic/tableaux/propositional-rules.tex	0e0a8d69ddabb157d54f03e7ff21416fb0c818e481343f4ac00ee4ba1d5bf151	2339	locale/tr/content/first-order-logic/tableaux/propositional-rules.tex	87fb54ee1b1a848080a93891479fe89e4a2a9c2e6cd2ca070322e0df0669b8e0	2336	complete
OLP-0101	101	9620cc73f9c8e0ad003c514a5d3748f29611c4c0	content/first-order-logic/tableaux/quantifier-rules.tex	800bfbb72d36d3e2c8f6d652146a797235f1cc785ad66457e2500919e2cc7a80	3959	locale/tr/content/first-order-logic/tableaux/quantifier-rules.tex	81ad796daf2cfd700694137a404acd910f5d7df849ea5808645bedea610c853f	4068	complete
OLP-0102	102	9620cc73f9c8e0ad003c514a5d3748f29611c4c0	content/first-order-logic/tableaux/derivations.tex	3f3e041127342c4f2565632d33c855fcb7a87964d63beb38bd8313c8a71ad294	3883	locale/tr/content/first-order-logic/tableaux/derivations.tex	a9d35efe450e871ef7ff7089561096a264ba4245c3bb8375776a44f8b5f2b7f7	3886	complete
OLP-0103	103	9620cc73f9c8e0ad003c514a5d3748f29611c4c0	content/first-order-logic/tableaux/proving-things.tex	ba6a2d3c2f7c7504daa17942290c75084bbfab92663a492557ca6530a175d914	18685	locale/tr/content/first-order-logic/tableaux/proving-things.tex	a141ba73d5bab7f7686dcff2dbe1c8b546d785267b518f58a77a69c919c5a771	18556	complete
OLP-0104	104	9620cc73f9c8e0ad003c514a5d3748f29611c4c0	content/first-order-logic/tableaux/proving-things-quant.tex	72370c12bee0766fb0e674ebae09ec7940f611ff7f9592284dadfe21516b4032	13575	locale/tr/content/first-order-logic/tableaux/proving-things-quant.tex	857b8b7e5307eef845a348eb55d861d0f30124cf74293ffe5e447e88168a0607	13693	complete
OLP-0105	105	9620cc73f9c8e0ad003c514a5d3748f29611c4c0	content/first-order-logic/tableaux/proof-theoretic-notions.tex	bad25c1ba9db9de17f7c2ff5fffa2c4f9f00aa13d23c197e5337fe759d6fdd39	5711	locale/tr/content/first-order-logic/tableaux/proof-theoretic-notions.tex	4eb48404152daa025a034ee142648f09cdbacc96d863ba26b5906199ac91695f	5989	complete
OLP-0106	106	9620cc73f9c8e0ad003c514a5d3748f29611c4c0	content/first-order-logic/tableaux/provability-consistency.tex	6d159d1c93f6b4bb24cf3d16e7f18096e15881679ef5f64db5b25cee57cccdef	6270	locale/tr/content/first-order-logic/tableaux/provability-consistency.tex	7eb3e7dec31301a72bcd43372f2fbff362edf15488ec33e49670848f157a527e	6443	complete
OLP-0107	107	9620cc73f9c8e0ad003c514a5d3748f29611c4c0	content/first-order-logic/tableaux/provability-propositional.tex	5df9f0cf1b10689babb2051daad6426e2abee00e55001f14a896d1a37ae30446	6473	locale/tr/content/first-order-logic/tableaux/provability-propositional.tex	8b934097fce1cc4a0c6e7035ec302f49af4b2aea20b80261bef8efe4eb8744ef	6439	complete
OLP-0108	108	9620cc73f9c8e0ad003c514a5d3748f29611c4c0	content/first-order-logic/tableaux/provability-quantifiers.tex	e12b4c0aff44de0e26d0a5c1e9b7ec2a781be5677035cb2c79cad3a7487c32e3	3148	locale/tr/content/first-order-logic/tableaux/provability-quantifiers.tex	ec9c7b24f0909690dfa6983691dc629f4a911e19b252d4dd2e59bfcb5c9ca2b7	3115	complete
OLP-0109	109	9620cc73f9c8e0ad003c514a5d3748f29611c4c0	content/first-order-logic/tableaux/soundness.tex	49f119364f19485fa74c0c18e849f20b746e8edec9fdccb9e98a8aff7250a744	11066	locale/tr/content/first-order-logic/tableaux/soundness.tex	b55f70f662deef24ebeaaf1789a4976f33cafca621ac333c65041f86ab3cf197	11571	complete
OLP-0110	110	9620cc73f9c8e0ad003c514a5d3748f29611c4c0	content/first-order-logic/tableaux/identity.tex	b40df45226792d6995a13afbc4341601207236b40cdb11920e9d48d0c81b2088	3501	locale/tr/content/first-order-logic/tableaux/identity.tex	cd6df321b52144c0ecd07a98fcba1a6049cfb2345f30d575458e218fd6f61147	3544	complete
OLP-0111	111	9620cc73f9c8e0ad003c514a5d3748f29611c4c0	content/first-order-logic/tableaux/soundness-identity.tex	3e9430f5d59a07997815894a8a190147e796825fea24a326dd9f7af6767ad519	1745	locale/tr/content/first-order-logic/tableaux/soundness-identity.tex	016510564b1ab402a06412f8bde1c0e4bcc4e69ad2aa28bae479041996b0348b	1815	complete
OLP-0112	112	9620cc73f9c8e0ad003c514a5d3748f29611c4c0	content/first-order-logic/axiomatic-deduction/axiomatic-deduction.tex	ba510c171a8d19895307b36b2b06d3f64970bc5d926cfad52412da2a0727db20	1273	locale/tr/content/first-order-logic/axiomatic-deduction/axiomatic-deduction.tex	879879c37dca4a0db58def192390155b4566df56d2a64441743bc9b2a1e93b9a	1227	complete
OLP-0113	113	9620cc73f9c8e0ad003c514a5d3748f29611c4c0	content/first-order-logic/axiomatic-deduction/rules-and-proofs.tex	c630189af9db5f45a849e5d1b6362895bf575dd6d2236a169eb5e0fdba9ed439	3668	locale/tr/content/first-order-logic/axiomatic-deduction/rules-and-proofs.tex	3ebe2e1d56d9179aae7d95165e4192375491820b846bb36f340fb1dbc3041648	3940	complete
OLP-0114	114	9620cc73f9c8e0ad003c514a5d3748f29611c4c0	content/first-order-logic/axiomatic-deduction/axioms-rules-propositional.tex	8d19f7612edbb87db30f052b75e8208638a5c68570ef05faf6332111fbbc69fe	1512	locale/tr/content/first-order-logic/axiomatic-deduction/axioms-rules-propositional.tex	dab2415d3e179270ba2ae3130477ab48eb264ebb812660cd8180ad3f197cc0d6	1510	complete
OLP-0115	115	9620cc73f9c8e0ad003c514a5d3748f29611c4c0	content/first-order-logic/axiomatic-deduction/axioms-rules-quantifiers.tex	e860523ec9605b17fb155fccbb22e644837c26de84ab11439422af805a26e2b3	1007	locale/tr/content/first-order-logic/axiomatic-deduction/axioms-rules-quantifiers.tex	6319e4e3c3a535bdaf694d9a8063b712319c9b1aec222ae636026130546e3f5e	1055	complete
OLP-0116	116	9620cc73f9c8e0ad003c514a5d3748f29611c4c0	content/first-order-logic/axiomatic-deduction/proving-things.tex	ac5dc1913eb14bc8d0ba0adb9d45d08b0882f02c4d7f152b654fc153f61fb1a7	5603	locale/tr/content/first-order-logic/axiomatic-deduction/proving-things.tex	39d7d2f62909f160ec762c36fb691fec7295698f4be254f4af8ba0e741a46027	5863	complete
OLP-0117	117	9620cc73f9c8e0ad003c514a5d3748f29611c4c0	content/first-order-logic/axiomatic-deduction/proving-things-quant.tex	afb6d653daa62d083e07ff556fdde130783b2643fdd23270e1ae0e1ec0140767	1527	locale/tr/content/first-order-logic/axiomatic-deduction/proving-things-quant.tex	b3d1f7db39387af8a3e1a399b67379d69a18a76eba3bf103ef42e97a3467f637	1654	complete
OLP-0118	118	9620cc73f9c8e0ad003c514a5d3748f29611c4c0	content/first-order-logic/axiomatic-deduction/proof-theoretic-notions.tex	d5cd7ef578090b935af9013ba65f020ea8c043b95ec17ed9a758a01129bbf859	4402	locale/tr/content/first-order-logic/axiomatic-deduction/proof-theoretic-notions.tex	5106e97ccaf6639cf8066c4bf724e1ec5d8a2e10af34529939ad889edf0e8fd8	4790	complete
OLP-0119	119	9620cc73f9c8e0ad003c514a5d3748f29611c4c0	content/first-order-logic/axiomatic-deduction/deduction-theorem.tex	f74129e7541a9452530ebc0ab630c8763cd0d4177532baf43cd249c635642cd4	4859	locale/tr/content/first-order-logic/axiomatic-deduction/deduction-theorem.tex	453b2181d0161258b1148cb8c081c977059ce3d501d0d690bd4fae776f517c6d	5050	complete
OLP-0120	120	9620cc73f9c8e0ad003c514a5d3748f29611c4c0	content/first-order-logic/axiomatic-deduction/deduction-theorem-quantifiers.tex	0da5dfe61f218d9ef0820e07f1e6c0d71ef4e912d010e83e7484690bdd9af1e7	2234	locale/tr/content/first-order-logic/axiomatic-deduction/deduction-theorem-quantifiers.tex	39e876381824c8f96ca67d232bd1838f0e7af7669c4a4ec85e4b1f9bc6727844	2282	complete
OLP-0121	121	9620cc73f9c8e0ad003c514a5d3748f29611c4c0	content/first-order-logic/axiomatic-deduction/provability-consistency.tex	069b652fa3cf1c8e7719ae95d355398b866c9ecf42ff747b755ddbf5fd3b6eef	2979	locale/tr/content/first-order-logic/axiomatic-deduction/provability-consistency.tex	e8f06f5a013c0a2ebd69d9dc22b714798a24e120f7e570e5dc97ded351d0bb3e	3029	complete
OLP-0122	122	9620cc73f9c8e0ad003c514a5d3748f29611c4c0	content/first-order-logic/axiomatic-deduction/provability-propositional.tex	4dd07507288e361d9d65dcbb7c3de67f4e3c83e9853b6d9032dcc9cba3cef187	2716	locale/tr/content/first-order-logic/axiomatic-deduction/provability-propositional.tex	934213f7dbdc23b6b6ecc1c73609dba7aff2a39e14de618df90666d04522c1b8	2626	complete
OLP-0123	123	9620cc73f9c8e0ad003c514a5d3748f29611c4c0	content/first-order-logic/axiomatic-deduction/provability-quantifiers.tex	a0c03c490e2874b9946b5ff3942c8a4ba73696d13cca2b30e84a19d17dfb3066	1499	locale/tr/content/first-order-logic/axiomatic-deduction/provability-quantifiers.tex	7f9c32a54940710bb5d8392ced8e51ea86f499ca51ef56bd3cf302ecb7f405ed	1610	complete
OLP-0124	124	9620cc73f9c8e0ad003c514a5d3748f29611c4c0	content/first-order-logic/axiomatic-deduction/soundness.tex	a3a783ae2add6b2420527ad65c82eb6a5e0c02ac8a44e3b34b757bc27985c1cf	5850	locale/tr/content/first-order-logic/axiomatic-deduction/soundness.tex	39fa13ec0067f0ef7b1100bc7aa9eab1fabea02322beb06d99e0720ce9806e5b	6141	complete
OLP-0125	125	9620cc73f9c8e0ad003c514a5d3748f29611c4c0	content/first-order-logic/axiomatic-deduction/identity.tex	424d98f16806276deeb9cc0c5e0d1f70d25dd2026f0fe25f03d65d1cde1d69e1	1355	locale/tr/content/first-order-logic/axiomatic-deduction/identity.tex	b6749f9a52745905270468e4ea75889c97fcf55ca2f16bebcf47d5d54a3f3e2d	1412	complete
OLP-0126	126	9620cc73f9c8e0ad003c514a5d3748f29611c4c0	content/first-order-logic/completeness/completeness.tex	35cbcfc7f12046ceabc5c4407c43817d71d3907e9e9d57a1b5928fcbe10c672c	695	locale/tr/content/first-order-logic/completeness/completeness.tex	b30a9801a839b3c2877f49d969306749cec35da889c11f256a50406fb0038927	643	complete
OLP-0127	127	9620cc73f9c8e0ad003c514a5d3748f29611c4c0	content/first-order-logic/completeness/introduction.tex	40a994a78343dccb102c8347722a6eb85fd3a12dd4c6565a37960f7b24673500	3774	locale/tr/content/first-order-logic/completeness/introduction.tex	d7c9f62a9ed5642234632429fae2213865e7afbd33140c2fcb1f6be4b342dc82	3734	complete
OLP-0128	128	9620cc73f9c8e0ad003c514a5d3748f29611c4c0	content/first-order-logic/completeness/outline.tex	e86bb4893ff5da65af4fa5b8b7eebec5807e0b4aa0562ca5388fac369aec642e	9532	locale/tr/content/first-order-logic/completeness/outline.tex	39521dc09bdc1d9fa52579c1697ec803076707ba94079b97eb26594d1a053236	9729	complete
OLP-0129	129	9620cc73f9c8e0ad003c514a5d3748f29611c4c0	content/first-order-logic/completeness/complete-consistent-sets.tex	cf7d517de5d2d257492c66f2cf16347fce490f2d932681a3f6ebd2386e9b1ffd	9125	locale/tr/content/first-order-logic/completeness/complete-consistent-sets.tex	5dbc82476e49fdf21896b493d749844b08bd0206a0cb0be4c3da5a134d3ebb75	9260	complete
OLP-0130	130	9620cc73f9c8e0ad003c514a5d3748f29611c4c0	content/first-order-logic/completeness/henkin-expansions.tex	a42f0551e062db3102c47f082be24cd4f8506504989a0008df4b87564e1f9335	8969	locale/tr/content/first-order-logic/completeness/henkin-expansions.tex	1b7a828211e1afd35ddee374a3601d8d233dae11eb432164a276604f2f4dc016	9311	complete
OLP-0131	131	9620cc73f9c8e0ad003c514a5d3748f29611c4c0	content/first-order-logic/completeness/lindenbaums-lemma.tex	1ee3d9dd14df1c3368c3e7a12d68e4d6627b9e92030a00820270b75ceb4bdf78	4286	locale/tr/content/first-order-logic/completeness/lindenbaums-lemma.tex	c4fed0ddeef8418d5bb586bbfc5266dec2794abf931e721e1b037f5210e9287e	4563	complete
OLP-0132	132	9620cc73f9c8e0ad003c514a5d3748f29611c4c0	content/first-order-logic/completeness/construction-of-model.tex	e8f3c25a2b378ac1996cc9cebb1192b2bdc2527df547e922008dad3822d29969	11290	locale/tr/content/first-order-logic/completeness/construction-of-model.tex	16dab44c40b00439c7843986ec3e02aa4b216470983778216f140aefd6b57fa8	12133	complete
OLP-0133	133	9620cc73f9c8e0ad003c514a5d3748f29611c4c0	content/first-order-logic/completeness/identity.tex	2b497ead07aad76f2db101bd56768abd9bc71df7c819164edf0183656d148e7d	8036	locale/tr/content/first-order-logic/completeness/identity.tex	0ca249f0581f6e6c60b7be133170784f7b9598082e1702d55f610b9db85e7232	8054	complete
OLP-0134	134	9620cc73f9c8e0ad003c514a5d3748f29611c4c0	content/first-order-logic/completeness/completeness-thm.tex	5510644c6a3ff18e97d5e97a928d00cb0b091506e8c10bafa504c1b2c38b242b	4768	locale/tr/content/first-order-logic/completeness/completeness-thm.tex	b97f2138029e894cde69fe39cf988d9500f8bbb4f12ff52ea9d641368d0d3362	4954	complete
OLP-0135	135	9620cc73f9c8e0ad003c514a5d3748f29611c4c0	content/first-order-logic/completeness/compactness.tex	a872b7018576b26eb53179792e27b5b0af3338b5220712086e1be7d928b3d65c	9051	locale/tr/content/first-order-logic/completeness/compactness.tex	43d4f23f3aee78d6ad7bf9e5d65d14c6e3c3a513a394d65262857b6757e267e1	9634	complete
OLP-0136	136	9620cc73f9c8e0ad003c514a5d3748f29611c4c0	content/first-order-logic/completeness/compactness-direct.tex	e6398fcc96ac7a2e787c5128d1b2dbf8f515dbd0e780004831abcfd0c3f327d8	5558	locale/tr/content/first-order-logic/completeness/compactness-direct.tex	917ffc943329a83486aea9400eb09908382f867cd2f63746e003f46d68dff18e	5930	complete
OLP-0137	137	9620cc73f9c8e0ad003c514a5d3748f29611c4c0	content/first-order-logic/completeness/downward-ls.tex	6f442281e52dd720acdd540039544c4e8b998906154aa5c4cf7f5da0d9500c48	2658	locale/tr/content/first-order-logic/completeness/downward-ls.tex	aa6d92d076798cc1975790c3e7c6d6d1e5357c2936f5f7aa64edcbf85b2af84e	2678	complete
OLP-0138	138	9620cc73f9c8e0ad003c514a5d3748f29611c4c0	content/first-order-logic/first-order-logic.tex	3fee444ae39c4094bd1bb1963010c0bf6350b5702c79d9e8bc62c430592f527e	1660	locale/tr/content/first-order-logic/first-order-logic.tex	ad11061ca40eb2a2ff5c78de8c0bcea3cc3062ab54d4e577508b43c76d0af0d5	1607	complete
OLP-0139	139	9620cc73f9c8e0ad003c514a5d3748f29611c4c0	content/first-order-logic/introduction/introduction.tex	3da46f27a563094a0904eacf23838c601ce3a22b0db9d82cfe33d95d8a507b95	487	locale/tr/content/first-order-logic/introduction/introduction.tex	e31390476ea6344ec022bef3cf16e90403dea08a3340791cf004250d91b06cf8	462	complete
OLP-0140	140	9620cc73f9c8e0ad003c514a5d3748f29611c4c0	content/first-order-logic/introduction/first-order-logic.tex	32887943e2083de8ae7402ced896b1e5c85beee1c52df199a5dce311cdc91627	4773	locale/tr/content/first-order-logic/introduction/first-order-logic.tex	5d910491fcbafb9620d94f19d2552281a66d4337c24f717d49bdd4219396a8fb	4996	complete
OLP-0141	141	9620cc73f9c8e0ad003c514a5d3748f29611c4c0	content/first-order-logic/introduction/syntax.tex	91d8aaea25b2d821af6aa8016f994b2e0abbf5cd2debdef7354409fa8ce767d8	2894	locale/tr/content/first-order-logic/introduction/syntax.tex	b6ca5a50011142b28eeb3f864dcf221237142445553b443e0bfa2e42a9f1e2eb	3078	complete
OLP-0142	142	9620cc73f9c8e0ad003c514a5d3748f29611c4c0	content/first-order-logic/introduction/formulas.tex	43b36e58c2cf5bd1c22018eb0a758d0ed31ab304dc1b3d5532358f6e9703a7c1	4365	locale/tr/content/first-order-logic/introduction/formulas.tex	805a4ba694e4e95b06d34b262fd6a22c7584e5726799dce07178fd58a74e99fc	4590	complete
OLP-0143	143	9620cc73f9c8e0ad003c514a5d3748f29611c4c0	content/first-order-logic/introduction/satisfaction.tex	7131c06390c685ff0af79611754cf0b98a22dd8a77256a332c84bf39e2f5cc0a	6008	locale/tr/content/first-order-logic/introduction/satisfaction.tex	e3a7a08b39ad1ab405f6282be5c43d9d21ea83d559381e11a676ba4bfc942345	6224	complete
OLP-0144	144	9620cc73f9c8e0ad003c514a5d3748f29611c4c0	content/first-order-logic/introduction/sentences.tex	e02b1d562648ce99867d653622b5c8bcb4cd4eeb9e02d335fa59715e193b3cc9	2790	locale/tr/content/first-order-logic/introduction/sentences.tex	114a404ff2686d44621b3dc8194479051f303b38198674bc9f42d9a2a2f53007	2931	complete
OLP-0145	145	9620cc73f9c8e0ad003c514a5d3748f29611c4c0	content/first-order-logic/introduction/semantic-notions.tex	5b59ab9c84aad202080a9a834229b1310ba7fb18cbc6891024c072723b9fbadd	2402	locale/tr/content/first-order-logic/introduction/semantic-notions.tex	13176f4152bd117afb4dee61209010665d6ea372626610376e0d69982e65a6ee	2750	complete
OLP-0146	146	9620cc73f9c8e0ad003c514a5d3748f29611c4c0	content/first-order-logic/introduction/substitution.tex	d1e27e94b43fda8329176530bfa9528c859d444123257a7408d5a979151b8941	2335	locale/tr/content/first-order-logic/introduction/substitution.tex	8ae11c17ffa7ea7fd3e9c94339a2e90e48386f5443ff520ce840e723417c664f	2594	complete
OLP-0147	147	9620cc73f9c8e0ad003c514a5d3748f29611c4c0	content/first-order-logic/introduction/models-theories.tex	9207639415c1946c70ead4464cefaec9ed2972f35121e88272980b6c9a076ca8	3830	locale/tr/content/first-order-logic/introduction/models-theories.tex	ba48b335d047e2f287119996a7fcc57a0527164809c4793e8020646b89974450	4146	complete
OLP-0148	148	9620cc73f9c8e0ad003c514a5d3748f29611c4c0	content/first-order-logic/introduction/soundness-completeness.tex	49f9a2fb437d680d3e796d72b46d1bc1c5a60c58e3e13ac2e19e6bac6976336e	3544	locale/tr/content/first-order-logic/introduction/soundness-completeness.tex	a36543f638e22f71783d7535b4da194f2e7fee4073cc516a759bd336b9a0247a	3777	complete
OLP-0149	149	9620cc73f9c8e0ad003c514a5d3748f29611c4c0	content/first-order-logic/syntax-and-semantics/syntax.tex	75c0e56b3d2f9557e39b9006855f371e6c8f04e8ef9817affd70a793613930ab	497	locale/tr/content/first-order-logic/syntax-and-semantics/syntax.tex	aef6d55c4b7f10095e505f912f8a83ef671e09e5be9f3877d2b470c4e16d5a3d	484	complete
OLP-0150	150	9620cc73f9c8e0ad003c514a5d3748f29611c4c0	content/first-order-logic/syntax-and-semantics/intro-syntax.tex	ba7dcce5f1e3340374ff693a1c22c5bf4ccb0c2709cd8c6d50474d4982f7cdfc	1473	locale/tr/content/first-order-logic/syntax-and-semantics/intro-syntax.tex	98e11ddc4476d9e7a1fe920bc83876b71f9386fadb0ff452242f9056d8daa46d	1557	complete
OLP-0151	151	9620cc73f9c8e0ad003c514a5d3748f29611c4c0	content/first-order-logic/syntax-and-semantics/first-order-languages.tex	582ea4b3b243fe2ee4eb627630172f77f014d4f7d7c93cd13fdb2bb70844c447	6879	locale/tr/content/first-order-logic/syntax-and-semantics/first-order-languages.tex	f362aa10cdb05028bd62958733271cbe88e2aea8c46ae1655f0aa31be16b0f8e	7022	complete
OLP-0152	152	9620cc73f9c8e0ad003c514a5d3748f29611c4c0	content/first-order-logic/syntax-and-semantics/terms-formulas.tex	0b607ce2324ca66b23b164684f4f35b127107b903bbbd567eb25e94c2ce70210	9146	locale/tr/content/first-order-logic/syntax-and-semantics/terms-formulas.tex	54d14ac7b0894b124e5d5ec10f3009e505ebb8c908411103edf689b11dc17248	9344	complete
OLP-0153	153	9620cc73f9c8e0ad003c514a5d3748f29611c4c0	content/first-order-logic/syntax-and-semantics/unique-readability.tex	f2ad2961312808ef6c8dedc884c9f8e00a2be9ef993cfb7be748a9d253d84e66	7867	locale/tr/content/first-order-logic/syntax-and-semantics/unique-readability.tex	1ec53462a2ac245383cc581d47199d15e25cea7db9a67cebd933b7300f2c25c0	8062	complete
OLP-0154	154	9620cc73f9c8e0ad003c514a5d3748f29611c4c0	content/first-order-logic/syntax-and-semantics/main-operator.tex	1bc4cc76cc670fdb1069ca53312d13dfcf2ea8444adbb3d9ef4b8d31a5da41fc	3728	locale/tr/content/first-order-logic/syntax-and-semantics/main-operator.tex	7828a44d8316830e0dc9a51998a4095f3f7fba0c4f1381a0675896500f7ae986	3687	complete
OLP-0155	155	9620cc73f9c8e0ad003c514a5d3748f29611c4c0	content/first-order-logic/syntax-and-semantics/subformulas.tex	4c43825e4c236e55d25092ff1f5b68ed38a3f1e9ae8ed12fc2e14f3a03fc6c77	4078	locale/tr/content/first-order-logic/syntax-and-semantics/subformulas.tex	861befa4a2e7fa4f24f316c0792a93abdc9f2c43a48c0f109367e40ed92db230	4215	complete
OLP-0156	156	9620cc73f9c8e0ad003c514a5d3748f29611c4c0	content/first-order-logic/syntax-and-semantics/formation-sequences.tex	dc1735bb077f5086c6fd6e2f968591415a9cba90b65bc0a3d412742cc62bc6ff	10352	locale/tr/content/first-order-logic/syntax-and-semantics/formation-sequences.tex	c7075760cfb10912755eebdd291b2f10b7e186499319bb8838becf32d068103d	10457	complete
OLP-0157	157	9620cc73f9c8e0ad003c514a5d3748f29611c4c0	content/first-order-logic/syntax-and-semantics/free-vars-sentences.tex	ea6bea6e587867742143e68dd69a2674fc1544ffaae27236ba1f517fe516bf1f	3835	locale/tr/content/first-order-logic/syntax-and-semantics/free-vars-sentences.tex	fde49521445e088b501983da905647fc76bc676e07ed262f7814f2a446ff9db1	3923	complete
OLP-0158	158	9620cc73f9c8e0ad003c514a5d3748f29611c4c0	content/first-order-logic/syntax-and-semantics/substitution.tex	19393c28f5f036da9c43ce10bfb5f1b2f330dca8cb2ad950d98eab5b1b7e83b2	4835	locale/tr/content/first-order-logic/syntax-and-semantics/substitution.tex	d000020aa0b9b6c8cfe9ffdfe095993888ae0bb538359d99a6e2a37a0acf8860	5050	complete
OLP-0159	159	9620cc73f9c8e0ad003c514a5d3748f29611c4c0	content/first-order-logic/syntax-and-semantics/semantics.tex	d863c375746602be962b1b45545d8a51e72f9d0d9dca516f434152131b4107ec	430	locale/tr/content/first-order-logic/syntax-and-semantics/semantics.tex	eec1afe4c6080448a306941cb9e1f3dbe96e39ae0d4a2614f270a69c60a18fd7	418	complete
OLP-0160	160	9620cc73f9c8e0ad003c514a5d3748f29611c4c0	content/first-order-logic/syntax-and-semantics/intro-semantics.tex	0bcf5a399c46716183aba26ed6d331abae45bdb63ed5bb26b3a7085b840e86e4	2415	locale/tr/content/first-order-logic/syntax-and-semantics/intro-semantics.tex	c9ec239f1dfca854cfbe02f98378353b504cbfa58987369978bc9270ebf55f98	2656	complete
OLP-0161	161	9620cc73f9c8e0ad003c514a5d3748f29611c4c0	content/first-order-logic/syntax-and-semantics/structures.tex	653be0fbc8ef1d61d9f39e7515bd1b1b1911f42147e0131a3235670e677cc241	5060	locale/tr/content/first-order-logic/syntax-and-semantics/structures.tex	da6079124da3b67b36ce37e8a4254d8a1e98c56a95b12c3265164e750b56f38f	5062	complete
OLP-0162	162	9620cc73f9c8e0ad003c514a5d3748f29611c4c0	content/first-order-logic/syntax-and-semantics/covered-structures.tex	47b8c3e2f2455d6fdefbf11157cae904e95c858545997fd9b22e7a2a8a1948d7	2718	locale/tr/content/first-order-logic/syntax-and-semantics/covered-structures.tex	94911a871cf6118216eb870762c9b1484e04cb1ba30678f1c6dea80c026c2f2d	2644	complete
OLP-0163	163	9620cc73f9c8e0ad003c514a5d3748f29611c4c0	content/first-order-logic/syntax-and-semantics/satisfaction.tex	e44b0bea8c5d130077516bc8d757f46d4b337517aab77049841581313820fd32	17320	locale/tr/content/first-order-logic/syntax-and-semantics/satisfaction.tex	e9e7cff7f58fa9afddda40b3680de4473e5fd6525422d066b8d87bf44bccbc81	18056	complete
OLP-0164	164	9620cc73f9c8e0ad003c514a5d3748f29611c4c0	content/first-order-logic/syntax-and-semantics/assignments.tex	158d852e2ead50b060a48332cac8c72c475cfc206d3dab7aac24a01be3ff1771	14486	locale/tr/content/first-order-logic/syntax-and-semantics/assignments.tex	337e1e89a86c0a3d04c1af502023e9ec09471e453cc5554480a8544ce8224949	15477	complete
OLP-0165	165	9620cc73f9c8e0ad003c514a5d3748f29611c4c0	content/first-order-logic/syntax-and-semantics/extensionality.tex	b96be00c844c1a06be3dc8c18e237fdb595ed60b18462b01bca43e6886d1da4d	5350	locale/tr/content/first-order-logic/syntax-and-semantics/extensionality.tex	4af2279139d369a69500faacbecf10d0df8a99138f6efa6de1cc162fcddc8852	5385	complete
OLP-0166	166	9620cc73f9c8e0ad003c514a5d3748f29611c4c0	content/first-order-logic/syntax-and-semantics/semantic-notions.tex	8b8740c064a3a876ff0cdf5dacd51bb8d3bbba87256fe49180de5f7c80fe08dd	6179	locale/tr/content/first-order-logic/syntax-and-semantics/semantic-notions.tex	2e64bfee18f2649797bc987e4f73bbcde6ab610498e3c633a526acf4aefb6c5d	6474	complete
OLP-0167	167	9620cc73f9c8e0ad003c514a5d3748f29611c4c0	content/first-order-logic/models-theories/models-theories.tex	a3a51cfc65725adf5e09f41af5e24114847757effad8d2c49827bb427e16da6f	418	locale/tr/content/first-order-logic/models-theories/models-theories.tex	c84eb007bf4ad4d9568a13caa63279e72b7a86c71a2dd05099b1bd6c0c0e07a5	394	complete
OLP-0168	168	9620cc73f9c8e0ad003c514a5d3748f29611c4c0	content/first-order-logic/models-theories/introduction.tex	56518e9cb660f5393a035d369656023c1e2301db8eb220c642131a14a5cdc8d8	5215	locale/tr/content/first-order-logic/models-theories/introduction.tex	4471ab4fe8f3324809acbc55c3cd56f64693cd2230bd902dfb06c39f739230f0	5344	complete
OLP-0169	169	9620cc73f9c8e0ad003c514a5d3748f29611c4c0	content/first-order-logic/models-theories/expressing-props-of-structures.tex	939bbd9f240291eefaf1926db84c710e635642e1c0b083d6bb8fd7c62b302db0	2967	locale/tr/content/first-order-logic/models-theories/expressing-props-of-structures.tex	debdd887ba45998886cefb54b0b608b09510b4dbc4547efa7cd3f4c94aabe2c4	3086	complete
OLP-0170	170	9620cc73f9c8e0ad003c514a5d3748f29611c4c0	content/first-order-logic/models-theories/theories.tex	0d47cc25cb7555009033f6dd8131beddfe7a36d514989154d241d98c3ae92536	6253	locale/tr/content/first-order-logic/models-theories/theories.tex	c74bb7033a7c14ab6bba3ee3568175b9ce4977e370a0402eb500fee866be5261	6402	complete
OLP-0171	171	9620cc73f9c8e0ad003c514a5d3748f29611c4c0	content/first-order-logic/models-theories/expressing-relations.tex	4463b194f95a1e7649f0ee833e2851273e78e760d9db32f67f925c8d551daa7d	5120	locale/tr/content/first-order-logic/models-theories/expressing-relations.tex	bca970dc5fd1c59493d81069977d180fef0872a985b6adfded012c9758c65987	5542	complete
OLP-0172	172	9620cc73f9c8e0ad003c514a5d3748f29611c4c0	content/first-order-logic/models-theories/set-theory.tex	c252116bc14449400e362e11e002d865f58e59177215cab085ceaec7ae9d2aa3	8490	locale/tr/content/first-order-logic/models-theories/set-theory.tex	61c6d1f818a85859224bd9cc3e4ca960327903886c8e5e390863f9a6ddaeeaf6	8842	complete
OLP-0173	173	9620cc73f9c8e0ad003c514a5d3748f29611c4c0	content/first-order-logic/models-theories/size-of-structures.tex	b63fc24a59388785180fe06e738b2b2e0e61c05896050bbfb1959fd6ddcf0060	2448	locale/tr/content/first-order-logic/models-theories/size-of-structures.tex	921a438c77284ffda8dc9be0b8f60ba26885eddf5086c09cb5ed6496027fc365	2517	complete
OLP-0174	174	9620cc73f9c8e0ad003c514a5d3748f29611c4c0	content/first-order-logic/beyond/beyond.tex	01c5b0b8dfff784fd345633ad6f9ec678b48cd6185a6912e8fc9ab317f61403e	856	locale/tr/content/first-order-logic/beyond/beyond.tex	05ecbccc6ce966dbb333e74e1e50679efe550a52d437da6f75b5b64b1dccfd54	860	complete
OLP-0175	175	9620cc73f9c8e0ad003c514a5d3748f29611c4c0	content/first-order-logic/beyond/introduction.tex	84223ddeb7093a489e9130870be10bf99d6082762db58dff7763044c3ce6039e	2558	locale/tr/content/first-order-logic/beyond/introduction.tex	612136dc1c12b53a7a3c94cbb79941f010ad6ac6fa5257435878ee255746b60c	2756	complete
OLP-0176	176	9620cc73f9c8e0ad003c514a5d3748f29611c4c0	content/first-order-logic/beyond/many-sorted-logic.tex	00d702a1e3ddd4f8e98ddb1f01b5ddffe140ce3e32a40acad54dbe1e4ba64f98	3269	locale/tr/content/first-order-logic/beyond/many-sorted-logic.tex	2a95dd91becea33a9a191b7eb78c804624e0d1ce0a2866fc3691ea9a89a56129	3495	complete
OLP-0177	177	9620cc73f9c8e0ad003c514a5d3748f29611c4c0	content/first-order-logic/beyond/second-order-logic.tex	c5a38313f00a864f10c9f7005a8f8ad4ef9ca2289690f0222f66cae6fa2af8cf	12655	locale/tr/content/first-order-logic/beyond/second-order-logic.tex	f8e6ef82e3c4bbf47c59a7ddc11fc6d53f2294af039cc65b8aed3ab7b501321f	13388	complete
OLP-0178	178	9620cc73f9c8e0ad003c514a5d3748f29611c4c0	content/first-order-logic/beyond/higher-order-logic.tex	52968463dd9b903b6ad2bcf76b0cb5c71d222d2c439855672f5216fac8335692	6298	locale/tr/content/first-order-logic/beyond/higher-order-logic.tex	46b0ce4996836e81f2822097de83cac875303dffab2c109071a87febb7834de3	6590	complete
OLP-0179	179	9620cc73f9c8e0ad003c514a5d3748f29611c4c0	content/first-order-logic/beyond/intuitionistic-logic.tex	3230d39434d6ecdbf0e6cd7e0c8b1df843b991e8e2106b1ecd91db9ea4f94cc0	10746	locale/tr/content/first-order-logic/beyond/intuitionistic-logic.tex	fe8d4972a06b62ff371e7410039d15d5497c070943d9d64ca187973905459b5d	11217	complete
OLP-0180	180	9620cc73f9c8e0ad003c514a5d3748f29611c4c0	content/first-order-logic/beyond/modal-logics.tex	3bfc4f07de2027fd339884563522915e040c5105207a857a65e2b033fef4a1d1	4379	locale/tr/content/first-order-logic/beyond/modal-logics.tex	254c309a3c3c03b788127733b401bd7b1b52c8cc2ab59f3b3240e77d010340f3	4490	complete
OLP-0181	181	9620cc73f9c8e0ad003c514a5d3748f29611c4c0	content/first-order-logic/beyond/other-logics.tex	bc7394b6a16921b5a7b2dc8129b1a6c8a2b2900dc3a30b886a06ab2028ea7691	1876	locale/tr/content/first-order-logic/beyond/other-logics.tex	6b1c4f9100fdb0fa1945780a4b790d2ebe1932942e147e4cb6873d4cd0569e7f	2032	complete
OLP-0182	182	9620cc73f9c8e0ad003c514a5d3748f29611c4c0	content/model-theory/model-theory.tex	d344ffda1bed36ff693a10b8093066703e9f00ce0ca64babaea50d5a2d25613f	821	locale/tr/content/model-theory/model-theory.tex	247eee676437082c56129b52b6d6bf5db5cd53a1deaec0dddffca474f93936a3	828	complete
OLP-0183	183	9620cc73f9c8e0ad003c514a5d3748f29611c4c0	content/model-theory/basics/basics.tex	dbaab317a40a064d1325f5f071b3be75c7a3fa581423f7a2551cf9f4b06873b4	436	locale/tr/content/model-theory/basics/basics.tex	e9f8a103444ccd82571c8521b7f7b6dc3eb65187f9ea1b2bd118a811d0fdc67e	417	complete
OLP-0184	184	9620cc73f9c8e0ad003c514a5d3748f29611c4c0	content/model-theory/basics/reducts-and-expansions.tex	f570b7501195fe1f9f137521c31af6e33c31c6d87d304e82649408b523aec20d	2342	locale/tr/content/model-theory/basics/reducts-and-expansions.tex	798a94fd6971f7de78ebc13b2b2c849c46489c5ebe886eb435902ecf678f5ab0	2375	complete
OLP-0185	185	9620cc73f9c8e0ad003c514a5d3748f29611c4c0	content/model-theory/basics/substructures.tex	2c47b8add212cb4b0f9029d4d68acb4e56e8827a7da2e44ea2c5914b2f6f27d1	1809	locale/tr/content/model-theory/basics/substructures.tex	687d78686eeb13fb9c46d5b0f9f5d9180bb79d293dfda1a64c2355bd906dea7c	1948	complete
OLP-0186	186	9620cc73f9c8e0ad003c514a5d3748f29611c4c0	content/model-theory/basics/overspill.tex	c0bcbf30f27166ac4d28caa048c645701e64a64407184b553c37666ecdf7fbc5	1468	locale/tr/content/model-theory/basics/overspill.tex	642d08ae35b44e2e99207c98871cab71bac07154515344791a1324df7b239c98	1495	complete
OLP-0187	187	9620cc73f9c8e0ad003c514a5d3748f29611c4c0	content/model-theory/basics/isomorphism.tex	400ced4b63fe2ab03f95db16b1169e3bfa382ae0b4346c839c36220f51aac563	5316	locale/tr/content/model-theory/basics/isomorphism.tex	cf432225f4f04a4bd0c13828037f39bd779c2a664e594868259fe4b551585c3a	5405	complete
OLP-0188	188	9620cc73f9c8e0ad003c514a5d3748f29611c4c0	content/model-theory/basics/theory-of-m.tex	29fadddc04faea7888457a0eb536fbbef4d9942e4076a14f9ed186b61813e7a7	2322	locale/tr/content/model-theory/basics/theory-of-m.tex	eb3f8278000bfbc2631d2af2e3c8c720b55d00f9ef2d5c6191546b58ff5a0145	2399	complete
OLP-0189	189	9620cc73f9c8e0ad003c514a5d3748f29611c4c0	content/model-theory/basics/partial-iso.tex	9233c0428a52f321404fd272342e7e2ad90b16efcc7c6a0c5d766717eb739e97	9702	locale/tr/content/model-theory/basics/partial-iso.tex	4ec4bf0d22ab7afe0dc62f9c96b2f936b34fc0b40571a01957ec779125fd9961	9655	complete
OLP-0190	190	9620cc73f9c8e0ad003c514a5d3748f29611c4c0	content/model-theory/basics/dlo.tex	2176d8add7d120c359c3a1f83010e0dcbcfa8a70c3d7595bf87931eb67354a8a	3593	locale/tr/content/model-theory/basics/dlo.tex	2c27651c65cc28d04e8b66487f88ff0a5938dae18578a106ca9578c8eda22b23	3607	complete
OLP-0191	191	9620cc73f9c8e0ad003c514a5d3748f29611c4c0	content/model-theory/models-of-arithmetic/models-of-arithmetic.tex	3805d7a115d7d90554f1a29916190b1f050d1b5caedeb071e3226f6d38ee2100	401	locale/tr/content/model-theory/models-of-arithmetic/models-of-arithmetic.tex	2a43d2c229ebeb646a7b752304c1ae88dbefb3e34c9ab1ff1a6832fe0778702e	380	complete
OLP-0192	192	9620cc73f9c8e0ad003c514a5d3748f29611c4c0	content/model-theory/models-of-arithmetic/introduction.tex	2d070e63927f9c2ea50bf5074fd6b3f15bff465398575601d3b7ed8bc9867cbb	3256	locale/tr/content/model-theory/models-of-arithmetic/introduction.tex	7a2d3ab2d2f65711ccf287fff47ded3fd743901725e0a8ebc2607e5859b62d2d	3169	complete
OLP-0193	193	9620cc73f9c8e0ad003c514a5d3748f29611c4c0	content/model-theory/models-of-arithmetic/standard-models.tex	27e39b49bb28308233f0874de2d15ff5f33d61cc294acfa635bde0bbe4710019	8027	locale/tr/content/model-theory/models-of-arithmetic/standard-models.tex	78441bfda26382536cd8e1104298a4508137cfa9bb63baae60af44f2aa18305c	7845	complete
OLP-0194	194	9620cc73f9c8e0ad003c514a5d3748f29611c4c0	content/model-theory/models-of-arithmetic/non-standard-models.tex	0895b776d3e5ded7c9695e63ec9f268dd0e096b38040c558624f4784c3024fcc	4779	locale/tr/content/model-theory/models-of-arithmetic/non-standard-models.tex	3c6986ad6edc9381d7c7bb668a1c51a6ea889692ce4ce3a95b3bf6650576c4d9	5111	complete
OLP-0195	195	9620cc73f9c8e0ad003c514a5d3748f29611c4c0	content/model-theory/models-of-arithmetic/models-of-q.tex	e7f932a05807df4e416bb015cc0aac662de3fb3f0a9f8e3e0ea1a9a4f1283aa7	8047	locale/tr/content/model-theory/models-of-arithmetic/models-of-q.tex	66d1f4fb76b88bc6fbc8a1d8f7777f8aa3f58162f8b6462fd7057995fc93c978	7945	complete
OLP-0196	196	9620cc73f9c8e0ad003c514a5d3748f29611c4c0	content/model-theory/models-of-arithmetic/models-of-pa.tex	8c4dec337b74d9a8dd3cb6a65065ba12e883518dba2a17834041d01d85c219be	10747	locale/tr/content/model-theory/models-of-arithmetic/models-of-pa.tex	dce515871bbacdbc9e65a7b7839656af6e19a49de85c6c881e115aa259f20915	10656	complete
OLP-0197	197	9620cc73f9c8e0ad003c514a5d3748f29611c4c0	content/model-theory/models-of-arithmetic/computable-models.tex	79a6a13d59f055788182e0fe9117c3e98782317a71ac747db0e7483ca118cac5	4759	locale/tr/content/model-theory/models-of-arithmetic/computable-models.tex	16c427a6a34547e63890d27cdff223217fe7b7db972c610de8d6c9d85acba837	4834	complete
OLP-0198	198	9620cc73f9c8e0ad003c514a5d3748f29611c4c0	content/model-theory/interpolation/interpolation.tex	30f05b67fa5f7ad8fd9e9c59fed138ddb53cdca1fbd9fb65a4c58aeda6b7342a	336	locale/tr/content/model-theory/interpolation/interpolation.tex	ccc32ad580fcd38e9111fb86d96fa09ef3cd1ab372d47dbb7dfa808f37562fef	316	complete
OLP-0199	199	9620cc73f9c8e0ad003c514a5d3748f29611c4c0	content/model-theory/interpolation/introduction.tex	bf9e45873cb4e5c18fc57a8c51cd7ed5d94dbd1bdfd6f89f0c1bad630ae22044	991	locale/tr/content/model-theory/interpolation/introduction.tex	cdaec70a467dff9a06ca416b2e1dd1a6a9a9ea04098ec2acaf53fd2a5cd97f54	952	complete
OLP-0200	200	9620cc73f9c8e0ad003c514a5d3748f29611c4c0	content/model-theory/interpolation/separation.tex	0850da6cb374079c24cd947ce17cf85604551f825be405676e97fe2779b0a2f6	5121	locale/tr/content/model-theory/interpolation/separation.tex	375963e1c55a21daf87a43ceda0bb20fcb1c57b677dbef2bf3a901d6b059a32d	4991	complete
OLP-0201	201	9620cc73f9c8e0ad003c514a5d3748f29611c4c0	content/model-theory/interpolation/interpolation-proof.tex	c2b53950362da168a87e66758d2c91729041cc28a49ea78374283d46459bade2	9455	locale/tr/content/model-theory/interpolation/interpolation-proof.tex	67f2ffe2dcd72ec44785d71770d5d44295668a3d21b6949f12ed7be2f4beffeb	9036	complete
OLP-0202	202	9620cc73f9c8e0ad003c514a5d3748f29611c4c0	content/model-theory/interpolation/definability.tex	8e89c08c0e211d3bd52c05cbd1d09b148df444855e4165df71e43461e84cbaca	5096	locale/tr/content/model-theory/interpolation/definability.tex	5bfcd80e03956ec02a95fc6e88c3230c61df743f29673e4f3beca5dd9f95c62e	4947	complete
OLP-0203	203	9620cc73f9c8e0ad003c514a5d3748f29611c4c0	content/model-theory/lindstrom/lindstrom.tex	ea726cb752c7aa9832bf45f4b2ded0c69d9dcb376549c93bc2af7df4aacddc8a	328	locale/tr/content/model-theory/lindstrom/lindstrom.tex	8eecf876f1b47f21d5384709d4cb0a19da877700b723f6f6f26a3003dc737a81	311	complete
OLP-0204	204	9620cc73f9c8e0ad003c514a5d3748f29611c4c0	content/model-theory/lindstrom/introduction.tex	c37aac04a5f7e6123c558cd7ce3ca7c8159fad3bce92c2a47aa40ebf810baa52	809	locale/tr/content/model-theory/lindstrom/introduction.tex	3cfcc4c267654686a9217bb559f8586dfe44c46cd5c16a8bc0ef53039b882a6e	829	complete
OLP-0205	205	9620cc73f9c8e0ad003c514a5d3748f29611c4c0	content/model-theory/lindstrom/abstract-logics.tex	ab605690e24fffb499ee9523a80e4cb422d9e7ac7beb0b86cdd7a4eba6edba9b	6807	locale/tr/content/model-theory/lindstrom/abstract-logics.tex	0701db5204949fe0a6cc19dba506f54e067df7a8319d9e6129c46c0b7e84ce28	7029	complete
OLP-0206	206	9620cc73f9c8e0ad003c514a5d3748f29611c4c0	content/model-theory/lindstrom/ls-property.tex	3e7b3f84adf951cd912972a2d7ac5908d7d3c0130f881caf70eec03a5080efe3	5780	locale/tr/content/model-theory/lindstrom/ls-property.tex	8f211224a9e1921fb1cd664c6f60c471fb1f5989de1e3dd1fd1ed03b25e97310	5995	complete
OLP-0207	207	9620cc73f9c8e0ad003c514a5d3748f29611c4c0	content/model-theory/lindstrom/lindstrom-proof.tex	8e407658f1e11431ad859dd166b2de535e6bab8da9b1a28b9549fd97b2ec87fc	6169	locale/tr/content/model-theory/lindstrom/lindstrom-proof.tex	942bd281fcd6949976a5450d96fbc3874b6f9600a7a0ea5581dabf882035ff7a	6607	complete
OLP-0208	208	9620cc73f9c8e0ad003c514a5d3748f29611c4c0	content/computability/computability.tex	efc0b0d0a189854db40ac8fc626a19327d6cf0b22e1a8eb3b74bcb727efcd8e0	557	locale/tr/content/computability/computability.tex	81169e3b3e59f865a079b787f4c61e2727780453d1e38c9ea509e91b3fb5c7d6	561	complete
OLP-0209	209	9620cc73f9c8e0ad003c514a5d3748f29611c4c0	content/computability/recursive-functions/recursive-functions.tex	567feffca9844be257c54e521e882775439f227be7b8277ddfdae9fe5333e45e	1046	locale/tr/content/computability/recursive-functions/recursive-functions.tex	025fc1995d5c06577116f9d55491233307de3053782e1caae4490fce0ce0d04a	1039	complete
OLP-0210	210	9620cc73f9c8e0ad003c514a5d3748f29611c4c0	content/computability/recursive-functions/introduction.tex	aa5da3312ed4236449827261edddc5393a2d17306bca57e36284c368f5fa3bc8	2862	locale/tr/content/computability/recursive-functions/introduction.tex	886e3523048114580e57ca417ed8c936b1cd0b53398898e11343a0686143c3b9	2884	complete
OLP-0211	211	9620cc73f9c8e0ad003c514a5d3748f29611c4c0	content/computability/recursive-functions/primitive-recursion.tex	e98c274a0ab979761d083f4c9ad1486d440c7933a13c1c0d99ac1a52d8996fcc	5960	locale/tr/content/computability/recursive-functions/primitive-recursion.tex	fb20eb63843ba8684fb1c76a7c216f04b3e8c7e64386ad3c8100bfa023d3a366	5623	complete
OLP-0212	212	9620cc73f9c8e0ad003c514a5d3748f29611c4c0	content/computability/recursive-functions/composition.tex	76ed2309d26b936b5eb1cb6a7c90f58e40043d38aa3afd1b7ad2e98d836245f0	3535	locale/tr/content/computability/recursive-functions/composition.tex	64f0b961e85dd3773d1144470dc724fdd408e3e453d5429cf8132ac24b7a9fca	3491	complete
OLP-0213	213	9620cc73f9c8e0ad003c514a5d3748f29611c4c0	content/computability/recursive-functions/pr-functions.tex	1bb48caec3680c643d88cee6a910542ce36852e8f97b4e1728d4b5fc59d8f22f	6082	locale/tr/content/computability/recursive-functions/pr-functions.tex	a623dcf892621ee87ca8e7ba699096517755f2c9dbab454d46ab76f749cf75e9	5904	complete
OLP-0214	214	9620cc73f9c8e0ad003c514a5d3748f29611c4c0	content/computability/recursive-functions/notation-pr-functions.tex	6018c8fb8ec86201286b019a60163a63ca076925d3044dde7060394822241272	2134	locale/tr/content/computability/recursive-functions/notation-pr-functions.tex	dd25ce0cc861efd5bed898023a70f253e236d1ad51a6298500177762ab78f26b	2114	complete
OLP-0215	215	9620cc73f9c8e0ad003c514a5d3748f29611c4c0	content/computability/recursive-functions/pr-functions-computable.tex	10a26513e18c31ee991a53c54bc10682710d93b5766f0ee758cc766b38e321c9	1861	locale/tr/content/computability/recursive-functions/pr-functions-computable.tex	fcdd94c26581573dbe43d59e6a748fa4815ecdd74ffef9fbabf5a6dc9ba3539a	1861	complete
OLP-0216	216	9620cc73f9c8e0ad003c514a5d3748f29611c4c0	content/computability/recursive-functions/examples.tex	431b72df17cd6de28a2f475f360742639cc40b5abc1a68d0d7e91794a88188d9	5988	locale/tr/content/computability/recursive-functions/examples.tex	d81208e9d30475b0dce0127242d777a6f92e0a2c23b9a96e3fbcfcf7765bb75c	5947	complete
OLP-0217	217	9620cc73f9c8e0ad003c514a5d3748f29611c4c0	content/computability/recursive-functions/pr-relations.tex	8323a8010f1d1faed641b5efc44c46956e1264fc4120c95e67edc26fbaa4ace2	5700	locale/tr/content/computability/recursive-functions/pr-relations.tex	d71a4799fbf7c5ae048523d4ba441060732ef28752c3230faa3fad735eed5f06	5799	complete
OLP-0218	218	9620cc73f9c8e0ad003c514a5d3748f29611c4c0	content/computability/recursive-functions/bounded-minimization.tex	e92c4c37e242325519960ad6cc05f288cac99a3422e3eec6557f70325ce4a75e	2593	locale/tr/content/computability/recursive-functions/bounded-minimization.tex	c15d8dbe131a53fb4330b0629a182c7eec48897249bd305867b1dd39c0abc0df	2664	complete
OLP-0219	219	9620cc73f9c8e0ad003c514a5d3748f29611c4c0	content/computability/recursive-functions/primes.tex	02365c0e9de7f0df4bfae770dc311f59c8947e48422a8570de4c5e2c2d6a9157	3434	locale/tr/content/computability/recursive-functions/primes.tex	bd9232060a6f0277ee9a2ffebc506b0b8db792592411d53faf2603e882bdecee	3666	complete
OLP-0220	220	9620cc73f9c8e0ad003c514a5d3748f29611c4c0	content/computability/recursive-functions/sequences.tex	8199ddcf003b44e0e6d5a050d32ddbb13322d6a62bfe998b075c493d8a905dee	6799	locale/tr/content/computability/recursive-functions/sequences.tex	c8611af4fdf52efd085280968890c1e71325004839df2d24c377223d2bbada89	6722	complete
OLP-0221	221	9620cc73f9c8e0ad003c514a5d3748f29611c4c0	content/computability/recursive-functions/trees.tex	894b0c7adc8dcd90f8dcf342c07f0a1255861174f73b004c1fcd56c90b314d3a	3488	locale/tr/content/computability/recursive-functions/trees.tex	37cbc36d96916d2267e080e9bf9cb669f2c569b87e01df18c0f9f1fc8453d8dd	3473	complete
OLP-0222	222	9620cc73f9c8e0ad003c514a5d3748f29611c4c0	content/computability/recursive-functions/other-recursions.tex	f3e558032c6f1e11bfe8710653a5a544ab28a3344e14b0606efb8d8c42f5942e	2725	locale/tr/content/computability/recursive-functions/other-recursions.tex	cebd978a946cc8c16b37f5f3b9d596f3cbb37bd30d5d20c866e0257d6da42176	2739	complete
OLP-0223	223	9620cc73f9c8e0ad003c514a5d3748f29611c4c0	content/computability/recursive-functions/non-pr-functions.tex	78d19b1607382b6e44c4c225c853b34634e4342b5998e3857be2360cb5f6d8d2	4482	locale/tr/content/computability/recursive-functions/non-pr-functions.tex	bfae31ecfa657b774fa2042bd467093012d94412f9b0e828566afa922355c0cd	4620	complete
OLP-0224	224	9620cc73f9c8e0ad003c514a5d3748f29611c4c0	content/computability/recursive-functions/partial-functions.tex	8bc40ad81d6d9df66dfcfd82b0a8ba732528ab0fa870d2706a7a80b89caa6a7c	5447	locale/tr/content/computability/recursive-functions/partial-functions.tex	45318f01486475a4e60b424a8b9ebd79661012bbcab87c15c4b93ec1dc86e95d	5443	complete
OLP-0225	225	9620cc73f9c8e0ad003c514a5d3748f29611c4c0	content/computability/recursive-functions/normal-form.tex	bcaadbcfece9d45963ac5e9e66176efecc7d014aba49c3924522e14c2f6058b2	1942	locale/tr/content/computability/recursive-functions/normal-form.tex	9d407cbd7573a5d5288ab401983751cd9d03108bd329da5dd6d5d45697b3b79f	1997	complete
OLP-0226	226	9620cc73f9c8e0ad003c514a5d3748f29611c4c0	content/computability/recursive-functions/halting-problem.tex	45ec5638665a104724a6591813603a2162182ffedef2288f210e4c99eb035d00	3320	locale/tr/content/computability/recursive-functions/halting-problem.tex	6196369cc4a01aea22e6e0c26018a226f5b1d5865bcbfbfd2f400039cafec598	3580	complete
OLP-0227	227	9620cc73f9c8e0ad003c514a5d3748f29611c4c0	content/computability/recursive-functions/general-recursive-functions.tex	ec031b368a8b22f20144e845280e876ef9012cb3bfa524c01785d423519feaee	1731	locale/tr/content/computability/recursive-functions/general-recursive-functions.tex	89ac1cbf6b18a83ca9280d8f7aec359ea6fe4a23782fd890daf586cf28149d74	1731	complete
OLP-0228	228	9620cc73f9c8e0ad003c514a5d3748f29611c4c0	content/computability/computability-theory/computability-theory.tex	455935eba9c7e9c84dfbac734f6d7d99c9e1d1d29e1bfec82df6a04af662f376	1040	locale/tr/content/computability/computability-theory/computability-theory.tex	b390fb29cbdf32d359a05e9e7817c6295297e2f3b10da416723a9a57ef39b699	992	complete
OLP-0229	229	9620cc73f9c8e0ad003c514a5d3748f29611c4c0	content/computability/computability-theory/introduction.tex	c3419c9d239782b621f14aae61fde98a1ecaa1a8e146d8d042d87476cd826107	3266	locale/tr/content/computability/computability-theory/introduction.tex	fb6be19cf94ce0b6ba079c6efc1b5c2f4c24d77e888374d6948de08ed3e21bed	3260	complete
OLP-0230	230	9620cc73f9c8e0ad003c514a5d3748f29611c4c0	content/computability/computability-theory/coding-computations.tex	a7f410fc4df20dc8a33e389d77fef080bc442c898f66fc6c7f2b416563aac620	2114	locale/tr/content/computability/computability-theory/coding-computations.tex	455e9184a3a2cb2f715a4a32f901ec0c2f62153b4c21b8f2cb43cd56b8457113	1984	complete
OLP-0231	231	9620cc73f9c8e0ad003c514a5d3748f29611c4c0	content/computability/computability-theory/normal-form.tex	275b05d5a1731214ddec611571a58c1a0d1587409ae68462852e3cb253a800dc	4077	locale/tr/content/computability/computability-theory/normal-form.tex	7b67713837ad3e5b8cbff2f20707bddb0223edb1650fe89ff4967ef2bcd077bc	4058	complete
OLP-0232	232	9620cc73f9c8e0ad003c514a5d3748f29611c4c0	content/computability/computability-theory/s-m-n.tex	4a1c61fd8f0426b389b529ee9052fcab5d28e67895f48a95572804c92fec995c	1579	locale/tr/content/computability/computability-theory/s-m-n.tex	d6a1e1b50baac014507ebd9cb73e5238637cb8dedb73e6a710cc8fcee5a3cfed	1549	complete
OLP-0233	233	9620cc73f9c8e0ad003c514a5d3748f29611c4c0	content/computability/computability-theory/universal-part-function.tex	ad8a25c4b89efb3fb744ac5e31eb93e36e89ac7890f892a30dd0ca5886df9ec4	1601	locale/tr/content/computability/computability-theory/universal-part-function.tex	0c2bb226f071f7b2e07cda80e5d2655e3ef24646630b603e01fcd44390dd40c4	1622	complete
OLP-0234	234	9620cc73f9c8e0ad003c514a5d3748f29611c4c0	content/computability/computability-theory/no-universal-function.tex	21cdbc8e03343aed5b966aa8df3cb1670e06ff46bc95d6f70a25a45d68edb8c0	1832	locale/tr/content/computability/computability-theory/no-universal-function.tex	ce31216a4519186c13745fdd1eeecc997967c722877ec9f780c0219b62f3d005	1862	complete
OLP-0235	235	9620cc73f9c8e0ad003c514a5d3748f29611c4c0	content/computability/computability-theory/halting-problem.tex	07a2761be56b61fdf53a8059c14ccc93f9e10e467834f49086bf1033b3325da2	3650	locale/tr/content/computability/computability-theory/halting-problem.tex	520f8fb00d50e9a5c9625bc577b18ee1cad40cad9435c76428575aaf5edd762f	3702	complete
OLP-0236	236	9620cc73f9c8e0ad003c514a5d3748f29611c4c0	content/computability/computability-theory/russells-paradox.tex	8cdf210d5f1554d2c000429a6d18ad27ee2e81a264a1b66530ba061c7eb66d07	2787	locale/tr/content/computability/computability-theory/russells-paradox.tex	20b780bacb0e4bc04511a9bb3253c0b555bba373730ee31c7088294311db651f	3011	complete
OLP-0237	237	9620cc73f9c8e0ad003c514a5d3748f29611c4c0	content/computability/computability-theory/computable-sets.tex	f5f564af892eaee08204f6b878e7172fa49bc45f8429fd5b91f1521fd116f222	1302	locale/tr/content/computability/computability-theory/computable-sets.tex	3e53f1c6215159557cfb37a08affb18a3f8fc802d63d2ea004a4a5f48895da47	1407	complete
OLP-0238	238	9620cc73f9c8e0ad003c514a5d3748f29611c4c0	content/computability/computability-theory/ce-sets.tex	b738f332001dab70a842378f9ebcdd3c81f81a37d40093e9c3a12d724220031f	1646	locale/tr/content/computability/computability-theory/ce-sets.tex	0ef9862c058eccbd266c2e4580233a16cecffc9f2d1cb3ae257177d7e8d3ca74	1802	complete
OLP-0239	239	9620cc73f9c8e0ad003c514a5d3748f29611c4c0	content/computability/computability-theory/equiv-ce-defs.tex	a195b2f0b2d78a5121d2c5993e5b7c31b493aa02d4f8103804f1f6780e1dbb30	6341	locale/tr/content/computability/computability-theory/equiv-ce-defs.tex	545ee16c09d9bb063fe352658ac218bc8a77e7a7789003a6db37d8388cefd36e	6962	complete
OLP-0240	240	9620cc73f9c8e0ad003c514a5d3748f29611c4c0	content/computability/computability-theory/non-comp-set.tex	ea2588e217e3df5956db0c8abd7cfbd46dde8ffeec2cc585354b43fef11bded2	2134	locale/tr/content/computability/computability-theory/non-comp-set.tex	6a109427da2735d23a2d15bc0bcda3ac5d90a6f1c0d568c4b971b09e776641b5	2345	complete
OLP-0241	241	9620cc73f9c8e0ad003c514a5d3748f29611c4c0	content/computability/computability-theory/ce-closed-cup-cap.tex	6b5a606958985b35543ab2967d419a1894ea7bb37138594be5a8ebf997d75094	3224	locale/tr/content/computability/computability-theory/ce-closed-cup-cap.tex	04d35f5bcfdc41700db50c5738b993ea21b4ae567de67313714d3b12e5194721	3311	complete
OLP-0242	242	9620cc73f9c8e0ad003c514a5d3748f29611c4c0	content/computability/computability-theory/complement-ce.tex	ae7fddd59fca662c90bb7e23a2af725a90dc7d9d95821eb3a55550f3f6b649d9	2302	locale/tr/content/computability/computability-theory/complement-ce.tex	00c99bfc1554d8ca2dc1ed5a2fb0b83a43382046ca79cc8aa77136b1ee5c4f8f	2454	complete
OLP-0243	243	9620cc73f9c8e0ad003c514a5d3748f29611c4c0	content/computability/computability-theory/reducibility.tex	9f392186d01baec03bd0c6cad875c8fc66231174ddb294c4a9a014c590f8ce22	3176	locale/tr/content/computability/computability-theory/reducibility.tex	ff6bcc0fbf3a39c85551ad10d332a4566be49754a2f478cd4f4ffaa9e3172f36	3258	complete
OLP-0244	244	9620cc73f9c8e0ad003c514a5d3748f29611c4c0	content/computability/computability-theory/prop-reduce.tex	aba1c5594c0c29e062f0d40bd85948f4977a962cbdad14f492bc19b36e51504d	4102	locale/tr/content/computability/computability-theory/prop-reduce.tex	bc8eee29f6960eb73a83ba63c843f263829a2f8b0584475f4d0c83410b6ef79e	4386	complete
OLP-0245	245	9620cc73f9c8e0ad003c514a5d3748f29611c4c0	content/computability/computability-theory/complete-ce-sets.tex	f2b3d831482a977fe0d186eed0e916f4efa52c2aeb2cd828e29a1d012bb0c377	1925	locale/tr/content/computability/computability-theory/complete-ce-sets.tex	801a762a37de3cd654c1d91dae8dd1bbf067fea11d08462c0b2ed1b71576d03c	2229	complete
OLP-0246	246	9620cc73f9c8e0ad003c514a5d3748f29611c4c0	content/computability/computability-theory/k-1.tex	553b765fd06bae91196dfd6a9404614f0b5c687d77d6eebf53205b30cba3ce2d	2648	locale/tr/content/computability/computability-theory/k-1.tex	334548800178763236b8ef62e923826b58cacd93c453611cff208e5d0f08d67c	2717	complete
OLP-0247	247	9620cc73f9c8e0ad003c514a5d3748f29611c4c0	content/computability/computability-theory/total.tex	d165286d41a2d24092135479b2fb302b460176ec3e7370375e4a88a7c2b74228	1782	locale/tr/content/computability/computability-theory/total.tex	11aa113fda7a297f000c97814a2fbd3f3adcf4ef87bb5f21e65975dbe8f033fb	1869	complete
OLP-0248	248	9620cc73f9c8e0ad003c514a5d3748f29611c4c0	content/computability/computability-theory/rice-theorem.tex	83b47def0c2b096e1a19487c7df09cd43e330933e58848efa68d431b606902d4	5635	locale/tr/content/computability/computability-theory/rice-theorem.tex	b2f56d78436cf3a3cf817b340fb5dddf6406d929853ff465a4d2fcb134ec25b5	5709	complete
OLP-0249	249	9620cc73f9c8e0ad003c514a5d3748f29611c4c0	content/computability/computability-theory/fixed-point-thm.tex	fba78fdf1abfe96f69e5623ec0cfe75430b5e139d19fcb9e22484bb8dae38820	8022	locale/tr/content/computability/computability-theory/fixed-point-thm.tex	cc8580ddcea3e153e7ce348bef810f4c1a93fd7019c75e3c6d3ddf3b1b1f0cea	8193	complete
OLP-0250	250	9620cc73f9c8e0ad003c514a5d3748f29611c4c0	content/computability/computability-theory/application-fixed-point.tex	864d0413932de8279b535e9aa047420dd88a8e7f86ba3caa338ac11429dfba47	2621	locale/tr/content/computability/computability-theory/application-fixed-point.tex	f54a6faf9fd064c1bced429967a9cd889130be34009f6ca2cbf0515cde294495	2621	complete
OLP-0251	251	9620cc73f9c8e0ad003c514a5d3748f29611c4c0	content/computability/computability-theory/def-functions-self-reference.tex	66f68fd888fbe9cd4e10f42a9943add43582bd0246e7c9c5f97ee151e9e85581	1935	locale/tr/content/computability/computability-theory/def-functions-self-reference.tex	d1e0d6080b16fe7cec584e9b7ac8cedaa4187ce18907a6a52f16ab8a3813b576	2018	complete
OLP-0252	252	9620cc73f9c8e0ad003c514a5d3748f29611c4c0	content/turing-machines/turing-machines.tex	8d2065d41cb0656e23a4e6ed368c115a62c5120fc297110dab109cecdcceac6d	277	locale/tr/content/turing-machines/turing-machines.tex	d5c9e1071a19a38594994d04f42482f3b266598610f5dd28604d5f06ba6c838d	269	complete
OLP-0253	253	9620cc73f9c8e0ad003c514a5d3748f29611c4c0	content/turing-machines/machines-computations/machines-computations.tex	b045db3918d73862a4c1456eb26c3d25ec32d6bd65489eedcaa9bd215bcc3ebc	535	locale/tr/content/turing-machines/machines-computations/machines-computations.tex	9d9faa4bcc257160234296698045a6dfb1de35390e3249cb335be1aa286eff58	507	complete
OLP-0254	254	9620cc73f9c8e0ad003c514a5d3748f29611c4c0	content/turing-machines/machines-computations/introduction.tex	d6efd543cf956dac110b52d74254a61125fbe1b8866996da524d81fa8c4eda2f	6799	locale/tr/content/turing-machines/machines-computations/introduction.tex	f6cec49a1602ab60414e8a55e2f3b6a5d68a4284ab45064ab919f2a08475ed4e	6523	complete
OLP-0255	255	9620cc73f9c8e0ad003c514a5d3748f29611c4c0	content/turing-machines/machines-computations/representing-tms.tex	e38cb6c2fa1059639fe3c8ebd00400a185526a9b17a2dd5dd4b1e9da0a927fa4	13199	locale/tr/content/turing-machines/machines-computations/representing-tms.tex	ae2c3d5c91a5d2227f57b4e7b34af2c4a65d42d3e72a36553f6acdcbd5a04b94	12706	complete
OLP-0256	256	9620cc73f9c8e0ad003c514a5d3748f29611c4c0	content/turing-machines/machines-computations/turing-machines.tex	7473c589e778e78e06486e8f7425c36b7d5a966124ccb562198ab94271cee23d	2418	locale/tr/content/turing-machines/machines-computations/turing-machines.tex	e21dafbd6ca2a25c35802c86ef21f69dcacf046fb9bcbc173ca9fefd2b15df32	2396	complete
OLP-0257	257	9620cc73f9c8e0ad003c514a5d3748f29611c4c0	content/turing-machines/machines-computations/configuration.tex	fab65b4f55e6bcf68cb56e54cf467fb53d36190707f3d0366011ff1b6dda2aad	4214	locale/tr/content/turing-machines/machines-computations/configuration.tex	873cae831f61275fa53085a9e37b662a5453d421da790a577ced71a7f89c98e5	4188	complete
OLP-0258	258	9620cc73f9c8e0ad003c514a5d3748f29611c4c0	content/turing-machines/machines-computations/unary-numbers.tex	409632297a69260d6b40f8831f3bd2a61f8254684e5bedf952b57088f393d4d0	10787	locale/tr/content/turing-machines/machines-computations/unary-numbers.tex	4b7e67a5e0e007f1039e594e59d7d91c35a69e3823fadede21b036dec208a0cc	10754	complete
OLP-0259	259	9620cc73f9c8e0ad003c514a5d3748f29611c4c0	content/turing-machines/machines-computations/halting-states.tex	c7078c4e10055c1c7c8643e40c1cc75a772ad1ebce9f2c26cfae36ee66647ff0	3169	locale/tr/content/turing-machines/machines-computations/halting-states.tex	bb2dbee2374d47920546fb66da73bbbb6f60dd49ba6509a7cc5fe610c767aaf8	3138	complete
OLP-0260	260	9620cc73f9c8e0ad003c514a5d3748f29611c4c0	content/turing-machines/machines-computations/disciplined-machines.tex	a58be19fe04f48aa1e0941f4c9a3f59fc6e5ae7673e96987062cda5dcccf6a0f	4226	locale/tr/content/turing-machines/machines-computations/disciplined-machines.tex	ff30dd099a5e58cab6a971ac901c552f00c4c35a10d8dbb62e044e1a524690e9	4211	complete
OLP-0261	261	9620cc73f9c8e0ad003c514a5d3748f29611c4c0	content/turing-machines/machines-computations/combining-machines.tex	a76bb5aa1ed05ffecb0f7a120f2077099c74c009e36b09792505e8c274b8d541	8392	locale/tr/content/turing-machines/machines-computations/combining-machines.tex	638cac3a43c4d05c03eded6f7155ad3ed54272fc5806c67b477e83663d23903a	8452	complete
OLP-0262	262	9620cc73f9c8e0ad003c514a5d3748f29611c4c0	content/turing-machines/machines-computations/variants.tex	d841e98805432884d2ba3c6f7a18ab1f24a9486edc6219f5e77c74040f3bae1e	4583	locale/tr/content/turing-machines/machines-computations/variants.tex	a31e7e61a5f42b9db6e0ecb723645cca17a2e1d375ed5be63aa645354bf80788	4647	complete
OLP-0263	263	9620cc73f9c8e0ad003c514a5d3748f29611c4c0	content/turing-machines/machines-computations/church-turing-thesis.tex	68df389e68cc00534436f8dffe8b5e68f8d3d8e50861c9c5dff18ddc2735949f	2248	locale/tr/content/turing-machines/machines-computations/church-turing-thesis.tex	d1ce16b519230b245eb2986fe3a8a19a513c14eddcf62834cec854ccffd5ce5e	2152	complete
OLP-0264	264	9620cc73f9c8e0ad003c514a5d3748f29611c4c0	content/turing-machines/undecidability/undecidability.tex	3fcf08f0d93542d0041e99065bfbaa88437e9e2cb3644f2491a5aa9c408e2c2d	491	locale/tr/content/turing-machines/undecidability/undecidability.tex	b0710b9e89f438698bbc49ea8cddc1ff4a58fdce5ad36ce46f198ce3e66840bd	469	complete
OLP-0265	265	9620cc73f9c8e0ad003c514a5d3748f29611c4c0	content/turing-machines/undecidability/introduction.tex	885378c9749d0ab5d13ca636dbdba7231490877f9f4052f7f46fda11b36ddcca	5192	locale/tr/content/turing-machines/undecidability/introduction.tex	ff574caa24a11a71a949cdd93f8a5276615df58ec39aafc09de33ba1ec4ba2b0	5363	complete
OLP-0266	266	9620cc73f9c8e0ad003c514a5d3748f29611c4c0	content/turing-machines/undecidability/enumerating-tms.tex	a921bb03bf1688c6c0ee1bb3297dbb8a1a7473a9c1572426c461bafd98b083cb	7099	locale/tr/content/turing-machines/undecidability/enumerating-tms.tex	3244860d84a35c36056f2c49d2c865c18d878c08243960e8816b8062929761d9	7381	complete
OLP-0267	267	9620cc73f9c8e0ad003c514a5d3748f29611c4c0	content/turing-machines/undecidability/universal-tm.tex	f81d764047fdd2677ea371a5999c80b960cb2bb8f7eae8e51e28dd3ac73ee993	6998	locale/tr/content/turing-machines/undecidability/universal-tm.tex	c9676e5d0683a78822012ac38dd2a57cf2178b832a8becae43a1bfabc382d600	6890	complete
OLP-0268	268	9620cc73f9c8e0ad003c514a5d3748f29611c4c0	content/turing-machines/undecidability/halting-problem.tex	f3ee453093e0f15ac6191d22345e7111e7533ddb3f004ccc1847a3b8d917a503	5950	locale/tr/content/turing-machines/undecidability/halting-problem.tex	415dc6f6b25e9a9fa9b0714294c6e3562af45cb931d0476da4f4bf369ac2505a	6151	complete
OLP-0269	269	9620cc73f9c8e0ad003c514a5d3748f29611c4c0	content/turing-machines/undecidability/decision-problem.tex	a94894e96e999458516410ad338a313876750a7ddeb798f7a1ad125e7f1b7b47	2312	locale/tr/content/turing-machines/undecidability/decision-problem.tex	0419e9441ea16cdd43624f5225f7ff9056435527564895756c69473485c9f2d0	2409	complete
OLP-0270	270	9620cc73f9c8e0ad003c514a5d3748f29611c4c0	content/turing-machines/undecidability/representing-tms.tex	e27aa694148cad6fa6ad74cd0326a4330b4e250068ca0455f8329be697bde72d	8257	locale/tr/content/turing-machines/undecidability/representing-tms.tex	ded615bb3b3b35a3900245b7d174517de39f209ae59df3824f09e2dd43323d12	8253	complete
OLP-0271	271	9620cc73f9c8e0ad003c514a5d3748f29611c4c0	content/turing-machines/undecidability/verification.tex	05b5a11a1aac078e442c710f0d29815833f684b0a40140a1705dca43cbd65351	14313	locale/tr/content/turing-machines/undecidability/verification.tex	77743c948c55533296c29af7df5d4b1d6767466e3285dd2bc9eb5b10b370b7d9	14409	complete
OLP-0272	272	9620cc73f9c8e0ad003c514a5d3748f29611c4c0	content/turing-machines/undecidability/unsolvability-decision-problem.tex	01fb69dbcc361212f2113d13554260f268d1cdba68a9bed0d7e9b8abd66f169b	4101	locale/tr/content/turing-machines/undecidability/unsolvability-decision-problem.tex	749a213defb5ebb6759917b6f89df1cc47a1e1d3f2b2eeb3d57f2133effd8700	4257	complete
OLP-0273	273	9620cc73f9c8e0ad003c514a5d3748f29611c4c0	content/turing-machines/undecidability/trakhtenbrot.tex	d0ab9328c29faabbc06e98c43cd4610a497b45d84b86ac33fbddd1abafac7665	11251	locale/tr/content/turing-machines/undecidability/trakhtenbrot.tex	c5b4696012cfdea2d3f6c9ec534d7e0862793f597b1060a5250bb9730f668ca6	11912	complete
OLP-0274	274	9620cc73f9c8e0ad003c514a5d3748f29611c4c0	content/incompleteness/incompleteness.tex	a35dd35ed4de8a64ba4bbe335c420d98148bae58c83bf834d39b029de1a7d1e2	784	locale/tr/content/incompleteness/incompleteness.tex	b172a17ec675d5b77ef30c4eadb3899f4b21a15e7867a0edf9b892092f2c0d83	787	complete
OLP-0275	275	9620cc73f9c8e0ad003c514a5d3748f29611c4c0	content/incompleteness/introduction/introduction.tex	c9c0f8f07cf9dfbb54c0b074ee2947df0a9c371077498432beb51735a819e083	351	locale/tr/content/incompleteness/introduction/introduction.tex	018e3926090bc6bb1aa0d61557c1749aa581b09816b7e945f8975e7712f7e970	322	complete
OLP-0276	276	9620cc73f9c8e0ad003c514a5d3748f29611c4c0	content/incompleteness/introduction/historical-background.tex	9bd497cdf8765e7dac2be200146baf76f15e5809a840cbe35ee45c9e5d635ca3	12778	locale/tr/content/incompleteness/introduction/historical-background.tex	9cddd20f582e3ba39c689b88787c6f0f5b6826ed99e9b1357f53af282bbe4bf7	13223	complete
OLP-0277	277	9620cc73f9c8e0ad003c514a5d3748f29611c4c0	content/incompleteness/introduction/definitions.tex	def29ecca2555e477b8f2156bf8834dc08843ff774a10b4201895c9245a4b4dc	14469	locale/tr/content/incompleteness/introduction/definitions.tex	a15cc93bef196aa1594d2109f1c8b48b60097760caf54f88afff713c18e873e6	15375	complete
OLP-0278	278	9620cc73f9c8e0ad003c514a5d3748f29611c4c0	content/incompleteness/introduction/overview.tex	20acd88351dc8056f6dfa8074d85c8d4d1ec3130d213f5cae56d44bb40516875	5412	locale/tr/content/incompleteness/introduction/overview.tex	c2a0ac76db5faa982df9528414ec47163e9dd052347862c882ce8b02cc817b7f	5751	complete
OLP-0279	279	9620cc73f9c8e0ad003c514a5d3748f29611c4c0	content/incompleteness/introduction/undecidability.tex	5f2510480cd5f60fcfcc684dd91fb900e682c13ed3b52aec44c22bb70397c4f8	6143	locale/tr/content/incompleteness/introduction/undecidability.tex	03e999963583bdf793438059c00ca17c536327aed0b9c1ac1dba40e36bd73cf4	7144	complete
OLP-0280	280	9620cc73f9c8e0ad003c514a5d3748f29611c4c0	content/incompleteness/arithmetization-syntax/arithmetization-syntax.tex	b2899fa7693d7e7de3f8b3204062207ba2d69e2df828d38b14004c0e7a2f69a9	635	locale/tr/content/incompleteness/arithmetization-syntax/arithmetization-syntax.tex	92d773974d23b11508729cbaee710a5671af998df6b37ffb2fe6b59f839f35b6	626	complete
OLP-0281	281	9620cc73f9c8e0ad003c514a5d3748f29611c4c0	content/incompleteness/arithmetization-syntax/introduction.tex	9c7ac4c192c2bcbf4eb61257c231c889dad9f2c076ebcdb4e231b7edec489acd	5225	locale/tr/content/incompleteness/arithmetization-syntax/introduction.tex	6a720605b3956fed8d449aaacd041964b54b244f18e144087207fd02d6c9e166	5452	complete
OLP-0282	282	9620cc73f9c8e0ad003c514a5d3748f29611c4c0	content/incompleteness/arithmetization-syntax/coding-symbols.tex	7336944ea3fa7b3d1b8b74f6ebf49ffff81c8baafbad35f279428a638872b6d3	4447	locale/tr/content/incompleteness/arithmetization-syntax/coding-symbols.tex	5527972e46d58c44514db05dccbf15b184b20a4d12ba771a1599f05f3f245c2b	4423	complete
OLP-0283	283	9620cc73f9c8e0ad003c514a5d3748f29611c4c0	content/incompleteness/arithmetization-syntax/coding-terms.tex	9b178e3ceebb5293c82d56e355ca312aec3bfe3be553f09f7c23df9119dc78b8	4771	locale/tr/content/incompleteness/arithmetization-syntax/coding-terms.tex	ead39246779abe036456730b8cff3ba46385beecb50a661b3ae693888c34a4a6	4862	complete
OLP-0284	284	9620cc73f9c8e0ad003c514a5d3748f29611c4c0	content/incompleteness/arithmetization-syntax/coding-formulas.tex	4109b6c1085f27ff1e2410537f29cd688c22cc4446e3978572b7dd93b0cf32f3	2818	locale/tr/content/incompleteness/arithmetization-syntax/coding-formulas.tex	a938dd03a087037308fa818577a4c2ba1c2807a1aad778e798a2419cf87e18b6	2973	complete
OLP-0285	285	9620cc73f9c8e0ad003c514a5d3748f29611c4c0	content/incompleteness/arithmetization-syntax/substitution.tex	bc67d981609236a40000a6a0a162ca22b3de0ade1a3b41911a7fc7089649e74a	1614	locale/tr/content/incompleteness/arithmetization-syntax/substitution.tex	c9dda06c87f1be65ca8daff638d645559a6b6304e2ad23ca91f6b4e787902c33	1677	complete
OLP-0286	286	9620cc73f9c8e0ad003c514a5d3748f29611c4c0	content/incompleteness/arithmetization-syntax/proofs-in-lk.tex	cfe9c7d281dffc120412291224ee312054c74d3f5bcd677079dc81a5dc0378d7	11888	locale/tr/content/incompleteness/arithmetization-syntax/proofs-in-lk.tex	6063a4f61c2f6aa30eaf79ee88f5240b3878c05eb6ad673e1e687e330b7ef585	12155	complete
OLP-0287	287	9620cc73f9c8e0ad003c514a5d3748f29611c4c0	content/incompleteness/arithmetization-syntax/proofs-in-nd.tex	55474c8446caeca99377485d8c57460c3a492300243be06d64952f220fdd432f	14424	locale/tr/content/incompleteness/arithmetization-syntax/proofs-in-nd.tex	c763edd4797b70a2a382b0a40c8fc1bee068c1dc7b34fb21fbaa8a41120fcc92	15186	complete
OLP-0288	288	9620cc73f9c8e0ad003c514a5d3748f29611c4c0	content/incompleteness/arithmetization-syntax/proofs-in-ax.tex	08e0df4fde4ac32dee1672b4135f83e835033c845a64820692ce821ebcb1fb8e	9616	locale/tr/content/incompleteness/arithmetization-syntax/proofs-in-ax.tex	ed421ef929df4484296c3927441ea94ba530e20d90c9185100a4150aeb294388	10308	complete
OLP-0289	289	9620cc73f9c8e0ad003c514a5d3748f29611c4c0	content/incompleteness/representability-in-q/representability-in-q.tex	59e2f7d0837e00f86a04179d0e67f19dbc25e15b2a11a6899e7ef42f87e3708c	595	locale/tr/content/incompleteness/representability-in-q/representability-in-q.tex	048cb9b6bb4d5fd582a0f0179dc5e602a099c294911c02a246ebb63234031324	575	complete
OLP-0290	290	9620cc73f9c8e0ad003c514a5d3748f29611c4c0	content/incompleteness/representability-in-q/introduction.tex	cdd4ffb67dcdea1ac1aca3664789f6a45a641bc81f85d26c98b770971ff2d03c	6317	locale/tr/content/incompleteness/representability-in-q/introduction.tex	a0683b98b9320bc10c561c1d5c007490fb604f6dc1c8d98a1aee963bc5ef5b7b	6658	complete
OLP-0291	291	9620cc73f9c8e0ad003c514a5d3748f29611c4c0	content/incompleteness/representability-in-q/representable-comp.tex	c8e840a3bbc2a09898ce9db3ac72e6e04d2d03f727b9dd0ba2fc1ceb291d56b8	5042	locale/tr/content/incompleteness/representability-in-q/representable-comp.tex	0a5e6786028280d6dbb494a69b2625810d9a4fc840ce4313df4fe06baebe909b	5368	complete
OLP-0292	292	9620cc73f9c8e0ad003c514a5d3748f29611c4c0	content/incompleteness/representability-in-q/beta-function.tex	4ba46568ec3fc0ac66b9769d4ecf30f4cfce1bf09e4b27bd99540bbfd9eff9ed	6993	locale/tr/content/incompleteness/representability-in-q/beta-function.tex	5b0bfa8a2b581caafab85013d4821857e8165c71984fbf9f2c6c47b44ec468ff	7253	complete
OLP-0293	293	9620cc73f9c8e0ad003c514a5d3748f29611c4c0	content/incompleteness/representability-in-q/prim-rec.tex	0697fa5e74302609f8fb33e4d1fc67e0c1f64591cbac3f980131804069e0a0d8	2069	locale/tr/content/incompleteness/representability-in-q/prim-rec.tex	b419af47cb1cbd0e2d2afe233fb4400d5018f721960c9af21257f369ae578163	2172	complete
OLP-0294	294	9620cc73f9c8e0ad003c514a5d3748f29611c4c0	content/incompleteness/representability-in-q/basic-representable.tex	05adb7ef6d0558b05056834a66c31d87dcf5f8e0f90ebf2afb26b5f0cc9b1be3	8619	locale/tr/content/incompleteness/representability-in-q/basic-representable.tex	79ef63e2a17a0ae5df4018f3dae101330b1b37119d0d18c71781b2c40fcf77df	9028	complete
OLP-0295	295	9620cc73f9c8e0ad003c514a5d3748f29611c4c0	content/incompleteness/representability-in-q/composition-representable.tex	d22633ee0bf189ad4dbc0e58588cbab3293ba97014a16064c2804f4db38fd6ab	3550	locale/tr/content/incompleteness/representability-in-q/composition-representable.tex	20aa08c50eec4294085c554f53eea79525c1b32464e71ec934df5a32163b0c22	3765	complete
OLP-0296	296	9620cc73f9c8e0ad003c514a5d3748f29611c4c0	content/incompleteness/representability-in-q/minimization-representable.tex	b7f3bb0efb885aff8c77c3647e79599b28c37f7c92e1107d7ef0dbbbd8fbb43c	10043	locale/tr/content/incompleteness/representability-in-q/minimization-representable.tex	5e4bc23e4d1e5318325c6533b9c272008ba61b46d563203f489e8701f7722656	10848	complete
OLP-0297	297	9620cc73f9c8e0ad003c514a5d3748f29611c4c0	content/incompleteness/representability-in-q/comp-representable.tex	be50d1a03debb27586b79493bd638bdb91a1bebc13fccadd2e90adceff5a4376	2802	locale/tr/content/incompleteness/representability-in-q/comp-representable.tex	091f1cb3e09724ee4233920e7db8cc30e1fd1462db91878449557f0d994e632a	2952	complete
OLP-0298	298	9620cc73f9c8e0ad003c514a5d3748f29611c4c0	content/incompleteness/representability-in-q/representing-relations.tex	aa293645fefba6b196a4c52f9de43e69a86f3e0747e6420573add3349236d3f6	2471	locale/tr/content/incompleteness/representability-in-q/representing-relations.tex	f327509c69396c9b32559fe72fc2862065667af38a77f6e8ee1d50833d4fd9b2	2563	complete
OLP-0299	299	9620cc73f9c8e0ad003c514a5d3748f29611c4c0	content/incompleteness/representability-in-q/undecidability.tex	e9567629e542b1b65f73b9e600c876dd4064766f8ff167980371f8ac6e5eb1b5	2915	locale/tr/content/incompleteness/representability-in-q/undecidability.tex	d17c3fae0590e1281b28f973a8bb9a5eaec5ea11452c6b7cac1f450611a5d9a3	3110	complete
OLP-0300	300	9620cc73f9c8e0ad003c514a5d3748f29611c4c0	content/incompleteness/representability-in-q/sigma1-completeness.tex	769ec60e34823143347732bbf659035f00c18a93d627e795cc597b3442bc11fe	11879	locale/tr/content/incompleteness/representability-in-q/sigma1-completeness.tex	c8039c1ba8f340e5f93ecf02fb334c74ce1f2eb50de12e911ac452e8334505aa	12627	complete
OLP-0301	301	9620cc73f9c8e0ad003c514a5d3748f29611c4c0	content/incompleteness/theories-computability/theories-computability.tex	412c43bd1865412b5cc1ed4133725393165b82d941aa413632888049d9b75208	841	locale/tr/content/incompleteness/theories-computability/theories-computability.tex	cd8c30f51ff50beca313364b6e141ace2eb9db3f7df09e4f2ac808006cd400a0	821	complete
OLP-0302	302	9620cc73f9c8e0ad003c514a5d3748f29611c4c0	content/incompleteness/theories-computability/introduction.tex	0e1c97bb1022504a5f9c1c59f71e71561fb452b6f7477359c24b34875d480818	1619	locale/tr/content/incompleteness/theories-computability/introduction.tex	259ff1d6e4854c5581da326f53800c682258ece591fd85d37afea6176aa4b86c	1728	complete
OLP-0303	303	9620cc73f9c8e0ad003c514a5d3748f29611c4c0	content/incompleteness/theories-computability/q-is-ce.tex	c36b9bef34b404a88fb91da7437b1abb3850a856d5c9907ff139c2f269d97eea	1977	locale/tr/content/incompleteness/theories-computability/q-is-ce.tex	1eedf6d7144c4c194c3937596de89483afba680aa337b964269c59cbca82fe99	2120	complete
OLP-0304	304	9620cc73f9c8e0ad003c514a5d3748f29611c4c0	content/incompleteness/theories-computability/oconsis-ext-of-q-undec.tex	60e9baa196cb0f7c48184cb7d0772008bfe52675ff72cead3cd02c23bed3d17e	1983	locale/tr/content/incompleteness/theories-computability/oconsis-ext-of-q-undec.tex	00ca4729f8fb42faeec265bdf0737d5f9fcb419ccb3ddc51875e240af7ddb553	2221	complete
OLP-0305	305	9620cc73f9c8e0ad003c514a5d3748f29611c4c0	content/incompleteness/theories-computability/extensions-of-q-not-decidable.tex	5372b80c77f5200c4e3de043785b6750a9fabf65cd5a2c925d483684cc2419e8	3008	locale/tr/content/incompleteness/theories-computability/extensions-of-q-not-decidable.tex	0e6f93a2725da7106cbad204d2a3d4d9e87713c88584147cf5437c4bb1296dcd	3119	complete
OLP-0306	306	9620cc73f9c8e0ad003c514a5d3748f29611c4c0	content/incompleteness/theories-computability/computably-axiomatizable.tex	a0c56dc47495d20b0c78105b896cbb2ef12a99c7f71f9bf4d18fd04edf4f4440	1296	locale/tr/content/incompleteness/theories-computability/computably-axiomatizable.tex	34a8653a6ea1f7419b3854c383b34b9ab34e34a3d1c74414a45a35b53a57bf3f	1417	complete
OLP-0307	307	9620cc73f9c8e0ad003c514a5d3748f29611c4c0	content/incompleteness/theories-computability/complete-decidable.tex	3f0ac3119196cb3e19a0ae0de850e46aa5d0965ca1b0b225b7656e5133156136	1400	locale/tr/content/incompleteness/theories-computability/complete-decidable.tex	199bb50a0138c33ca43048f2126b52244978ac6c7dce85ce3cd58c0e999a912e	1503	complete
OLP-0308	308	9620cc73f9c8e0ad003c514a5d3748f29611c4c0	content/incompleteness/theories-computability/first-incompleteness.tex	1e592928ee6e538cdeb4ce5e44884f4d6c7acc0a6d9ac6f0939963f9b0bcf507	1726	locale/tr/content/incompleteness/theories-computability/first-incompleteness.tex	4fab8129991977b85e640852d83b1584a16aa3a9757b471b597b10dd85712464	1831	complete
OLP-0309	309	9620cc73f9c8e0ad003c514a5d3748f29611c4c0	content/incompleteness/theories-computability/inseparability.tex	e1a84bba2fbc91a669bc9357184630f93b97ddbd91cef4a319431eacda6734fb	1493	locale/tr/content/incompleteness/theories-computability/inseparability.tex	99fad3443dad772183f62e55f55d611fa127b4d83ee1ba6597e3c1891cd6d8b0	1607	complete
OLP-0310	310	9620cc73f9c8e0ad003c514a5d3748f29611c4c0	content/incompleteness/theories-computability/consis-with-q.tex	09a1983ac2c41fce429da84abcb128479b46db10773d75cd461daf651bba72ef	2176	locale/tr/content/incompleteness/theories-computability/consis-with-q.tex	124a5355cba01db9371b6dc4bc62901852d242e5773d386f811fe2b8e54b499d	2266	complete
OLP-0311	311	9620cc73f9c8e0ad003c514a5d3748f29611c4c0	content/incompleteness/theories-computability/interpretability.tex	f113c9d84625731b1c4473e6178a2169249ae2399ed183b097d3840eca16f9e5	2790	locale/tr/content/incompleteness/theories-computability/interpretability.tex	8ea0813bfe9ee083239ff8ea1b538c8a3d537bbb85c1e67bde0a4e78d3be129a	2876	complete
OLP-0312	312	9620cc73f9c8e0ad003c514a5d3748f29611c4c0	content/incompleteness/incompleteness-provability/incompleteness-provability.tex	37ec6b0d2ed4993622d45347dbda0816fab6bb02f4665b63babac6658ee236c7	511	locale/tr/content/incompleteness/incompleteness-provability/incompleteness-provability.tex	eab73e8a16de0dabb0684b338a93a8f9c33a8107797030312974dc2cb53beb3f	485	complete
OLP-0313	313	9620cc73f9c8e0ad003c514a5d3748f29611c4c0	content/incompleteness/incompleteness-provability/introduction.tex	60feb5bf5ea6aa27385212d6746d33b74e4c70fd4b80dfcca666614eba6c4301	4606	locale/tr/content/incompleteness/incompleteness-provability/introduction.tex	e2e482b4e3bd6ad8a89402db01552806dcaedec6505ee3feb7f40357b600ffbd	4914	complete
OLP-0314	314	9620cc73f9c8e0ad003c514a5d3748f29611c4c0	content/incompleteness/incompleteness-provability/fixed-point-lemma.tex	d329f0cdc9aee3a35e49a487c9ee01fed67c4811ba6dc455a05646bc3a326dd3	6195	locale/tr/content/incompleteness/incompleteness-provability/fixed-point-lemma.tex	2507d4a9c2b213b49cc1a6c91588d9dd56a3d0dbe1a912813b7856951321b091	6834	complete
OLP-0315	315	9620cc73f9c8e0ad003c514a5d3748f29611c4c0	content/incompleteness/incompleteness-provability/first-incompleteness-thm.tex	eeedd9cfee28ead98ba638711d797b37b8a1069af1c2a5ffb6c1427572651114	5764	locale/tr/content/incompleteness/incompleteness-provability/first-incompleteness-thm.tex	ad268aa00e6e53b281f4359d65701c4299ea69d0c9c893b37a1bb3c5f8e67164	6143	complete
OLP-0316	316	9620cc73f9c8e0ad003c514a5d3748f29611c4c0	content/incompleteness/incompleteness-provability/rosser-thm.tex	41f6fcc111f4df5f50827d2c5e46ffda33b3477a165915bd5b3c8122f0445dad	6840	locale/tr/content/incompleteness/incompleteness-provability/rosser-thm.tex	0b5098213b01e5131ab5dbf0bf8c10e43bae2283ba9824e3684edd3bd80d0a1b	7411	complete
OLP-0317	317	9620cc73f9c8e0ad003c514a5d3748f29611c4c0	content/incompleteness/incompleteness-provability/godels-paper.tex	d7b4d0f735a8bd1c09bc0bf17f3f153cfa6505603cd8ea688fe51481e1c4e58b	1335	locale/tr/content/incompleteness/incompleteness-provability/godels-paper.tex	f4e6d0de0f99ba900a843ffdb1f922145e2a65a5fad4947032413072cb8c0b65	1418	complete
OLP-0318	318	9620cc73f9c8e0ad003c514a5d3748f29611c4c0	content/incompleteness/incompleteness-provability/provability-conditions.tex	e2b3e768411a61327ef6e195f7123b07c69624eabbd8583a20fbc721792afdf3	3413	locale/tr/content/incompleteness/incompleteness-provability/provability-conditions.tex	fc2db4aed8b6f84be4df759dc36697fc15eb9a1ad1dc6e3b57949c99ef4b182a	3690	complete
OLP-0319	319	9620cc73f9c8e0ad003c514a5d3748f29611c4c0	content/incompleteness/incompleteness-provability/second-incompleteness-thm.tex	3ea221f4e1886b84738ce9a3268717630946305a41a6dfb8f74266d969f7a762	5784	locale/tr/content/incompleteness/incompleteness-provability/second-incompleteness-thm.tex	49bbda50c01a155ee7fa92fd2a3abb4abf97fa75ae44cddc6950b4f8b7bee88e	6599	complete
OLP-0320	320	9620cc73f9c8e0ad003c514a5d3748f29611c4c0	content/incompleteness/incompleteness-provability/lob-thm.tex	f9e81b079e6b7209d6d6dc94d2ab89273a16ff791a9c03e8a3104a1ce805125e	7358	locale/tr/content/incompleteness/incompleteness-provability/lob-thm.tex	5f59973c5d7ec160dc02670740b861971459921b9a505ad5c18947151043d8ee	7932	complete
OLP-0321	321	9620cc73f9c8e0ad003c514a5d3748f29611c4c0	content/incompleteness/incompleteness-provability/tarski-thm.tex	b83d5521afa3dd7e7c72318f242a6e78267addb406ccaa463c646b9cd5527dfd	4452	locale/tr/content/incompleteness/incompleteness-provability/tarski-thm.tex	8a88f8ba775a7ad883f9fcfff8c79fcd20205600a70d668122d7c2e6c063e7ea	4731	complete
OLP-0322	322	9620cc73f9c8e0ad003c514a5d3748f29611c4c0	content/second-order-logic/second-order-logic.tex	5dc498c263d32773d1a40ecf5abca697d57f13526cb5272e907d5487b9636640	421	locale/tr/content/second-order-logic/second-order-logic.tex	bdcb8060ab922b9304cf1ad5d432b47f2bcde17faad18018f033bf22059d322a	425	complete
OLP-0323	323	9620cc73f9c8e0ad003c514a5d3748f29611c4c0	content/second-order-logic/syntax-and-semantics/syntax-and-semantics.tex	a403b5ca94c5e700e42e6f315a81d19d6d3ca098e1c1998bf40e181aa82cdc82	675	locale/tr/content/second-order-logic/syntax-and-semantics/syntax-and-semantics.tex	e73d9ef0d4fe5c8e8742e0c34d658d810917203d606fdf05f23773b9ce2a7294	734	complete
OLP-0324	324	9620cc73f9c8e0ad003c514a5d3748f29611c4c0	content/second-order-logic/syntax-and-semantics/introduction.tex	e62d0693e430a7e79acd8cb1f75d4ccf29dabb85c8fb583f682bf45cd8a3ea06	3125	locale/tr/content/second-order-logic/syntax-and-semantics/introduction.tex	ec09888cecd4868b65c855ac8989c22084ab64b542502078d22ac96eb947924d	3355	complete
OLP-0325	325	9620cc73f9c8e0ad003c514a5d3748f29611c4c0	content/second-order-logic/syntax-and-semantics/terms-formulas.tex	f19ecb7317cc7ec85e9f3886efcce65c85b4f88a7c839779516443e9fca053ff	3689	locale/tr/content/second-order-logic/syntax-and-semantics/terms-formulas.tex	bf824cc3936f438f6830e70b2d23d88fd82fcaf72ef4544f49429f2c7cff1c82	3874	complete
OLP-0326	326	9620cc73f9c8e0ad003c514a5d3748f29611c4c0	content/second-order-logic/syntax-and-semantics/satisfaction.tex	888d180bad24363cba4c5e08a0d00fbe06e004f11b1278072379532764145302	8889	locale/tr/content/second-order-logic/syntax-and-semantics/satisfaction.tex	7909664a1c2eea0786e3b5b3f7b24183462ec2d622cbe9b7c22471d8ddddc93f	9475	complete
OLP-0327	327	9620cc73f9c8e0ad003c514a5d3748f29611c4c0	content/second-order-logic/syntax-and-semantics/semantic-notions.tex	af3f9a4dbdca12dee2cc40cfb2fb1612af00df377a220f9af76eb395c2ea3dcd	1263	locale/tr/content/second-order-logic/syntax-and-semantics/semantic-notions.tex	0417a492f827bd3132c4e2a51cf5a2813c1eca496f7a5a25c942f1c75b01b576	1389	complete
OLP-0328	328	9620cc73f9c8e0ad003c514a5d3748f29611c4c0	content/second-order-logic/syntax-and-semantics/expressive-power.tex	012d62525a1dcefa38d5d70eb605f5d33e6ddff6b616ecb530beaa4aa3f42af2	4197	locale/tr/content/second-order-logic/syntax-and-semantics/expressive-power.tex	962aeea03a3b25a4d07d1635a34127b46b21819d24a3607e11af61e7e6ab0d86	4738	complete
OLP-0329	329	9620cc73f9c8e0ad003c514a5d3748f29611c4c0	content/second-order-logic/syntax-and-semantics/inf-count.tex	05941ff3223be4d1e2085b995ead321b0ac32c4e70ea95a76a5cb2f48c5a526c	5628	locale/tr/content/second-order-logic/syntax-and-semantics/inf-count.tex	f7ac7ad2c10dbdcad55953652b89373adbd4961b86d45d3e9ea6de5eca8f2c8a	6196	complete
OLP-0330	330	9620cc73f9c8e0ad003c514a5d3748f29611c4c0	content/second-order-logic/metatheory/metatheory.tex	e6c796f24ea9b73db8e26828c1067d34be85ea7458607c0572746d22ce0584e2	406	locale/tr/content/second-order-logic/metatheory/metatheory.tex	702b860699c5906c7a617e98c0f13679a01ddc83fe0cec5b57291eb82833e612	397	complete
OLP-0331	331	9620cc73f9c8e0ad003c514a5d3748f29611c4c0	content/second-order-logic/metatheory/introduction.tex	f6757be05c96c6b70e89d4be689be8a5a206fe1c946d3538e1deab0bb2741e8f	1949	locale/tr/content/second-order-logic/metatheory/introduction.tex	749f01e76a4abe385fb32a147de76308467ddbfe6bb32bfb31fbb106563d3b6e	2292	complete
OLP-0332	332	9620cc73f9c8e0ad003c514a5d3748f29611c4c0	content/second-order-logic/metatheory/second-order-arithmetic.tex	98b9ea14e07c131a798a54d4bb78ac429c45a58c1e1f53b36b5e2176e9c90771	5306	locale/tr/content/second-order-logic/metatheory/second-order-arithmetic.tex	d4e520e18ba095d28983732d8dc5dd7f32c590caaaab3d5bcff4fa7537966fd0	5529	complete
OLP-0333	333	9620cc73f9c8e0ad003c514a5d3748f29611c4c0	content/second-order-logic/metatheory/undecidability-and-axiomatizability.tex	75048cbdc69d60e28c2590ec03cfe57c12622b6667366a231b80431f88594435	1928	locale/tr/content/second-order-logic/metatheory/undecidability-and-axiomatizability.tex	e590d8adc019b2d2743a1f8e4ce778a462075299fc743af51321312472e1487b	2092	complete
OLP-0334	334	9620cc73f9c8e0ad003c514a5d3748f29611c4c0	content/second-order-logic/metatheory/compactness.tex	3d6f37ee6ce0b5d5b37798be31a6d44ef95c5ca79a9660bdb4319e0a24d118db	2477	locale/tr/content/second-order-logic/metatheory/compactness.tex	fd967ec15e167e00ab539741b01ec58b6410b2bad13ce80d4de0197c509c50c5	2748	complete
OLP-0335	335	9620cc73f9c8e0ad003c514a5d3748f29611c4c0	content/second-order-logic/metatheory/loewenheim-skolem.tex	91bba660bcccf12fcd7fbbbee87eb590702d447cca449c83cf8251e43cd4e525	1840	locale/tr/content/second-order-logic/metatheory/loewenheim-skolem.tex	f21aa1a81fe9ce07081997f3480b2664cfda296fb1eccfe375ef9183cfa5db8a	1988	complete
OLP-0336	336	9620cc73f9c8e0ad003c514a5d3748f29611c4c0	content/second-order-logic/sol-and-set-theory/sol-and-set-theory.tex	432b29fabbc93a3ddb4a65713fde2c4d41c30e81d60a1021bb4f329ad2aaea2a	696	locale/tr/content/second-order-logic/sol-and-set-theory/sol-and-set-theory.tex	d9869810eedec6fe4cd7387c8d741fa5763ac4349a627f235a37803d0dacbcc0	715	complete
OLP-0337	337	9620cc73f9c8e0ad003c514a5d3748f29611c4c0	content/second-order-logic/sol-and-set-theory/introduction.tex	927add5dbb7296df119edcb7ac1e2a50d90fd2cd2666ac757884d9eb15e07821	852	locale/tr/content/second-order-logic/sol-and-set-theory/introduction.tex	a0497a5a482e64b33c567d896756c5e0156d960864074610714da6ae8b8232e7	897	complete
OLP-0338	338	9620cc73f9c8e0ad003c514a5d3748f29611c4c0	content/second-order-logic/sol-and-set-theory/comparing-sets.tex	31f3339a47d5a4eff76d9cb302e35c0283e12b582f0a8e8a34b6c45d225e4fec	2645	locale/tr/content/second-order-logic/sol-and-set-theory/comparing-sets.tex	53a2a50e53c9d0ccf39f2c509d56eb54d6f63d58a87fce17db3106b1e9690720	2769	complete
OLP-0339	339	9620cc73f9c8e0ad003c514a5d3748f29611c4c0	content/second-order-logic/sol-and-set-theory/cardinalities.tex	88fa084f0d3e66aa309713dea420f9f170d7ba611cbdcb1dd43a4c0512269222	2544	locale/tr/content/second-order-logic/sol-and-set-theory/cardinalities.tex	08787e3a47b837211f852df246e794dfb541d11733374936f5046726f5645f6a	2683	complete
OLP-0340	340	9620cc73f9c8e0ad003c514a5d3748f29611c4c0	content/second-order-logic/sol-and-set-theory/power-of-continuum.tex	6f274e0d12c548f62c65254143a794746a5438600d082e69b9272569123c7971	6411	locale/tr/content/second-order-logic/sol-and-set-theory/power-of-continuum.tex	7a4584367669cbb3a7a4e04ee34e804a302ce930b1fb406495ed23ae8e9d95de	7009	complete
OLP-0341	341	9620cc73f9c8e0ad003c514a5d3748f29611c4c0	content/lambda-calculus/lambda-calculus.tex	1ccba9f96935af933ec38e75be07c11d0b3e0935c0e9a96291678392477cf736	731	locale/tr/content/lambda-calculus/lambda-calculus.tex	0efec0cf523a4648d0ef0ebdd9b8fc8c48e164444298b9468c0e37b95543df56	747	complete
OLP-0342	342	9620cc73f9c8e0ad003c514a5d3748f29611c4c0	content/lambda-calculus/introduction/introduction.tex	f7e70ef1756cb021d7ae1de12277280ad96e169a93c461d4b7f6571019af1f62	868	locale/tr/content/lambda-calculus/introduction/introduction.tex	afbfa2c9db927af78b8168f5de9ddf20484534a7e1c329b2e63e5414fb01771f	848	complete
OLP-0343	343	9620cc73f9c8e0ad003c514a5d3748f29611c4c0	content/lambda-calculus/introduction/overview.tex	9a183958f0a2bcc40f0f52ef41740e41bfd40f829e1fcd6c70dc52239ed2dd9f	3271	locale/tr/content/lambda-calculus/introduction/overview.tex	7a73f3fd7c5355fe2bc8cbb379518248400a395862f255d747adb20ee38b0587	3252	complete
OLP-0344	344	9620cc73f9c8e0ad003c514a5d3748f29611c4c0	content/lambda-calculus/introduction/syntax.tex	91d509f0d6774790541545165eebc43344fde3c1154814a7f25613cbf971df33	2560	locale/tr/content/lambda-calculus/introduction/syntax.tex	c5560d79dca60d7143d530a8e218dcf18cc557f8777fcdd8ba1642f5bdb17559	2527	complete
OLP-0345	345	9620cc73f9c8e0ad003c514a5d3748f29611c4c0	content/lambda-calculus/introduction/reduction.tex	b9be9e0f0a757115dcb038f76c3de71b98d511b558d3356248b9462ca1adf728	2734	locale/tr/content/lambda-calculus/introduction/reduction.tex	bb4af338483a994adac63cd0759a3b61db6b5fc53e64db2371f3a56cbd3a66d6	2813	complete
OLP-0346	346	9620cc73f9c8e0ad003c514a5d3748f29611c4c0	content/lambda-calculus/introduction/church-rosser.tex	82f34f5a06942b2890b1e623ff756685e2c2a9cafd95aebc4946090bf8e26f2a	1386	locale/tr/content/lambda-calculus/introduction/church-rosser.tex	f4dd5922142bf6b04be1e14a444b7c4b761535c967fd8e1ce8825dd57945bb5b	1344	complete
OLP-0347	347	9620cc73f9c8e0ad003c514a5d3748f29611c4c0	content/lambda-calculus/introduction/currying.tex	d15ca4bc2be145fcbf40d41b077b21322a7647453b938e4182ed9c7864fb4e31	3174	locale/tr/content/lambda-calculus/introduction/currying.tex	04133bcba3f0da1aa9f6bc952d2031f6a4ebe283883962af11e39b3eb6c19722	3249	complete
OLP-0348	348	9620cc73f9c8e0ad003c514a5d3748f29611c4c0	content/lambda-calculus/introduction/lambda-definability.tex	891557bb7c05ee32762493764788121f1719dd24e897bf29b01aa264f6527816	1946	locale/tr/content/lambda-calculus/introduction/lambda-definability.tex	ae88873bd14800cfa5bb4fa02ce22baa77276e6418747c2d02d3bc6646f7f401	2037	complete
OLP-0349	349	9620cc73f9c8e0ad003c514a5d3748f29611c4c0	content/lambda-calculus/introduction/lambda-computable.tex	c9eea509afbc542557f6f4db382a82ee101a7242d01040ffad8bcf5b41a63eda	1689	locale/tr/content/lambda-calculus/introduction/lambda-computable.tex	db411e156c074795f1047a77c5c813369e80fa9358db8bdaa131639dcb61c86e	1704	complete
OLP-0350	350	9620cc73f9c8e0ad003c514a5d3748f29611c4c0	content/lambda-calculus/introduction/computable-lambda.tex	e385d9f282a0609f24b6847a728cd2bab75ef631d36c479dd65fc11e07105276	1745	locale/tr/content/lambda-calculus/introduction/computable-lambda.tex	261ff15b92e69b25dfe598d9831c5008d006731dcc8d99451d8862baa599699b	1806	complete
OLP-0351	351	9620cc73f9c8e0ad003c514a5d3748f29611c4c0	content/lambda-calculus/introduction/basic-pr-lambda.tex	22d0798be8cf00937591874f939864e92c8e15bb6e0832dd45fd96a9d6908401	1028	locale/tr/content/lambda-calculus/introduction/basic-pr-lambda.tex	5f48cf2dacb84a1fabe554344668aaaad0a28aa282fa7d52640e51e115916839	1024	complete
OLP-0352	352	9620cc73f9c8e0ad003c514a5d3748f29611c4c0	content/lambda-calculus/introduction/composition.tex	8a15d1ee95b75f00d0c6e94d7b0872f709f67b394d9ce720790e36f1f83c9ff1	884	locale/tr/content/lambda-calculus/introduction/composition.tex	654fa05b60c2716993a7ebb879c98921f480bc34627aa881669011728aeda741	907	complete
OLP-0353	353	9620cc73f9c8e0ad003c514a5d3748f29611c4c0	content/lambda-calculus/introduction/primitive-recursion.tex	fd47e85af6ba95ca61def453b26ba3b443654d5a3dc732060c2a9c1e93c3562b	5206	locale/tr/content/lambda-calculus/introduction/primitive-recursion.tex	5239b2dd608637e7c01f370cd2cf118d3a5f358e66aa0ec61fbd064d1980cd3c	5239	complete
OLP-0354	354	9620cc73f9c8e0ad003c514a5d3748f29611c4c0	content/lambda-calculus/introduction/fixed-point-combinator.tex	a30a2ee0e64c03c9d10f4c18e716d42cc242a077a0a593b6963df0b317400b7d	1128	locale/tr/content/lambda-calculus/introduction/fixed-point-combinator.tex	8473735c530a813eea9fe78870166fb75a09c518526fa8a3fa7953f8aaefeb97	1146	complete
OLP-0355	355	9620cc73f9c8e0ad003c514a5d3748f29611c4c0	content/lambda-calculus/introduction/minimization.tex	ea82c8ba3fba93c92983d4eb5e46866829feb5286bedd739669b8b3cdb3e4ec7	2277	locale/tr/content/lambda-calculus/introduction/minimization.tex	cf50fea863856e90ebea41fba3990a7cb2146415be1ec16e04e6ab508202106b	2248	complete
OLP-0356	356	9620cc73f9c8e0ad003c514a5d3748f29611c4c0	content/lambda-calculus/syntax/syntax.tex	12041c1cdc3e8e444dac5fe3f0af82d7995d30ed62f115382604f1ac1d75397b	452	locale/tr/content/lambda-calculus/syntax/syntax.tex	f135e31b567e6f91bbe3ef734b1b711b030381b3c6e2b728cfeefa8c5c0c821d	427	complete
OLP-0357	357	9620cc73f9c8e0ad003c514a5d3748f29611c4c0	content/lambda-calculus/syntax/terms.tex	f7da91449121d3c5e274e51f6a08fce106d1dbacb7e5293b79cc09b3da019b38	2025	locale/tr/content/lambda-calculus/syntax/terms.tex	2b920fd1d165fcffea98ec7567e84f0f6b2b31ab0f7ae360859dc7b4b652c003	2084	complete
OLP-0358	358	9620cc73f9c8e0ad003c514a5d3748f29611c4c0	content/lambda-calculus/syntax/unique-readability.tex	7cf0dbeb234ca9f4519bbf378aea91b6bd78795ae0db47c4ecb9682c36efff01	3895	locale/tr/content/lambda-calculus/syntax/unique-readability.tex	21cac57e85512de16d1510f15ac0533879c40dd82c8874b67e79948ca7f0806d	3893	complete
OLP-0359	359	9620cc73f9c8e0ad003c514a5d3748f29611c4c0	content/lambda-calculus/syntax/abbreviated-syntax.tex	b9987c121bb971f20b15b2e4700b11b7f03ce17e854887de1de2a83c817f288f	1334	locale/tr/content/lambda-calculus/syntax/abbreviated-syntax.tex	06820ae0570b5ccf7b08128655738f4b8d94d65b40cc6a334f4d7523b2c066c3	1330	complete
OLP-0360	360	9620cc73f9c8e0ad003c514a5d3748f29611c4c0	content/lambda-calculus/syntax/free-variables.tex	b6f1fbf35150b62139dbaec9f0e48f5c8aa723f8fc84cfc1a0b3e620bcbbdd8e	4698	locale/tr/content/lambda-calculus/syntax/free-variables.tex	dbb9c61df48b264c8896b9d3a96d53702f9cceaaf0f35ce199a8f631dc523860	4876	complete
OLP-0361	361	9620cc73f9c8e0ad003c514a5d3748f29611c4c0	content/lambda-calculus/syntax/substitution.tex	d718cdebd5f5b3b43e4bbb33a167d89458a9b2e378cda57300c1a24df6e7e9bd	6578	locale/tr/content/lambda-calculus/syntax/substitution.tex	7c6eb7898d9e9b3a35928cd2e9bbebf696f6787543c4c15cf66d3f072c93cb98	6829	complete
OLP-0362	362	9620cc73f9c8e0ad003c514a5d3748f29611c4c0	content/lambda-calculus/syntax/alpha.tex	41c0f51cf8b5b3f125aa23b0e5590cd339e9dd69bc0f1877e165b07782b2c664	10414	locale/tr/content/lambda-calculus/syntax/alpha.tex	a7a09ff4522382455bff31943bdec27de128cab49c26f0735b616097cb9a20b6	10767	complete
OLP-0363	363	9620cc73f9c8e0ad003c514a5d3748f29611c4c0	content/lambda-calculus/syntax/de-bruijn.tex	c0e5bf7d9e7210fd45f8b9ca471bbdf0811de14151a3a360cdb767c8500ef118	3038	locale/tr/content/lambda-calculus/syntax/de-bruijn.tex	dbef0a6a407565f982e3352fc21a18074b2c92c6efce3c86dcab46547ade66e9	3091	complete
OLP-0364	364	9620cc73f9c8e0ad003c514a5d3748f29611c4c0	content/lambda-calculus/syntax/term-revisited.tex	5459ece361a93d778910cd297bd020eba5105022386a00dc2e4e8ca5e53ee313	3622	locale/tr/content/lambda-calculus/syntax/term-revisited.tex	7d9fdbd37edc7ebf383cbc15ebf9f50dd0dd4f9a9a42998c1d57299f1de2c5e3	3831	complete
OLP-0365	365	9620cc73f9c8e0ad003c514a5d3748f29611c4c0	content/lambda-calculus/syntax/beta.tex	c96b738bedb1278e240742f504f23e84bc65a485a628e513b542038791f29328	4912	locale/tr/content/lambda-calculus/syntax/beta.tex	412b0d325cec44d9c70caf04826eb21475c96034bf7c33316f24554fdcb7b44a	4897	complete
OLP-0366	366	9620cc73f9c8e0ad003c514a5d3748f29611c4c0	content/lambda-calculus/syntax/eta.tex	d5332eef46d99ca04abd407e0c44effc418308b78c347f61e8a6bea890520378	3049	locale/tr/content/lambda-calculus/syntax/eta.tex	3b3e2ecc35d744301666b2a404d95e34daecb9c645201f56c4867e0992349874	3304	complete
OLP-0367	367	9620cc73f9c8e0ad003c514a5d3748f29611c4c0	content/lambda-calculus/church-rosser/church-rosser.tex	f9e678e31cc01a76b2a4166d4b2faf179b2dfc4e51bcc1dafe3f16228e831a74	404	locale/tr/content/lambda-calculus/church-rosser/church-rosser.tex	8553adc3bcdd63d3e75048462a05df8a2e3c5ed1f982931ff0453a0ca697c44f	387	complete
OLP-0368	368	9620cc73f9c8e0ad003c514a5d3748f29611c4c0	content/lambda-calculus/church-rosser/definitions-and-properties.tex	851f5ae1142d1f14fdc8912e2a6e89e025a19bb99c4cbd9b16e0ef2603fcfba1	3576	locale/tr/content/lambda-calculus/church-rosser/definitions-and-properties.tex	6e3c25f0fd81c36cdfb95db8732f5c618fb7ba0d4987c4609e94b09de61464ee	3601	complete
OLP-0369	369	9620cc73f9c8e0ad003c514a5d3748f29611c4c0	content/lambda-calculus/church-rosser/parallel-beta-reduction.tex	152950cfbf2a17ef827a7e70210ef025d99e347eadcfb6c5c9a405e2bf1e6210	6347	locale/tr/content/lambda-calculus/church-rosser/parallel-beta-reduction.tex	6eb88557ce40882d17fe0732a33f7799cfee7026340521ef5cac26fb7bb62d48	6264	complete
OLP-0370	370	9620cc73f9c8e0ad003c514a5d3748f29611c4c0	content/lambda-calculus/church-rosser/beta-reduction.tex	635fa15a31a4f9ed77ee7c619860dc410d99f27663fba33f84dbadb4f602e041	3019	locale/tr/content/lambda-calculus/church-rosser/beta-reduction.tex	d6e99416f2ea103db074c6e25f01972219c1e61a8c0f948530e3bf8a0119b48f	2947	complete
OLP-0371	371	9620cc73f9c8e0ad003c514a5d3748f29611c4c0	content/lambda-calculus/church-rosser/parallel-beta-eta-reduction.tex	c1f77ddcdbbbd3070000c2ab163db1a427369bc88bbb57f129e2577a0c12696a	3512	locale/tr/content/lambda-calculus/church-rosser/parallel-beta-eta-reduction.tex	ef554d513fe7cd6b40dc574de05c91bd059c7c08a33b57c74bb74ba1f9e992ad	3430	complete
OLP-0372	372	9620cc73f9c8e0ad003c514a5d3748f29611c4c0	content/lambda-calculus/church-rosser/beta-eta-reduction.tex	d681b2d4808bbc48731065075b22681c0893e5cd403940de1ea69b7b187d8d75	1578	locale/tr/content/lambda-calculus/church-rosser/beta-eta-reduction.tex	da3511c3303b8f16f3fa7cb853fffed6488fc0fb0c498a7823355432c8d2f052	1589	complete
OLP-0373	373	9620cc73f9c8e0ad003c514a5d3748f29611c4c0	content/lambda-calculus/lambda-definability/lambda-definability.tex	36e3b3c1abddfc1b8af03bc4bf0f2cb2539ffd6c9f18c8994b7bd79d9d7cc46b	733	locale/tr/content/lambda-calculus/lambda-definability/lambda-definability.tex	4673da01055c9f5e126864efa01823074a1d256902bdb513069f939b01a882c7	729	complete
OLP-0374	374	9620cc73f9c8e0ad003c514a5d3748f29611c4c0	content/lambda-calculus/lambda-definability/introduction.tex	746bcc7288b64088e3070da183aff9b2b672c017135f4e5da9229fb243dbb8db	3679	locale/tr/content/lambda-calculus/lambda-definability/introduction.tex	ecd521f05460a4e3dec46a6a70ca31c4507a47de1ec7b6dfbfd0b7eabdf5f575	3712	complete
OLP-0375	375	9620cc73f9c8e0ad003c514a5d3748f29611c4c0	content/lambda-calculus/lambda-definability/arithmetical-functions.tex	1e7500fb862e562250b59df5e786130148b9565564417d060138f0542141fe2e	5131	locale/tr/content/lambda-calculus/lambda-definability/arithmetical-functions.tex	869c979a3d4d454f3646a08b8a61e7404a1639be12e89c20580646dbf9a97f81	4990	complete
OLP-0376	376	9620cc73f9c8e0ad003c514a5d3748f29611c4c0	content/lambda-calculus/lambda-definability/pairs.tex	9832c9a0d78ac0dc04080fcf7613d117c29a21fe27e51c3bb7f1e6a29c69efdf	1799	locale/tr/content/lambda-calculus/lambda-definability/pairs.tex	8148fe556a91deaf900828e648a01bd69a87b4c64820cec4e7871817e5210351	1808	complete
OLP-0377	377	9620cc73f9c8e0ad003c514a5d3748f29611c4c0	content/lambda-calculus/lambda-definability/truth-values.tex	2bde4662af2aefb9be953d1f7abf5e1af20dd022705ecf28f33aa86866c8d8f0	3248	locale/tr/content/lambda-calculus/lambda-definability/truth-values.tex	9a987c800249fad1fdb465bf6b3495fd4cf07b6884a9fe75163644482b917c80	3094	complete
OLP-0378	378	9620cc73f9c8e0ad003c514a5d3748f29611c4c0	content/lambda-calculus/lambda-definability/primitive-recursive-functions.tex	9e059524acc2a9576a93578fbb7fcbcb7e32dbe2a9b2bacc117b013e00b61b62	5987	locale/tr/content/lambda-calculus/lambda-definability/primitive-recursive-functions.tex	914c9b88fff10a159ea05a3bef751624af21a12cbb81a9be1e0c0b3a274f0af9	5969	complete
OLP-0379	379	9620cc73f9c8e0ad003c514a5d3748f29611c4c0	content/lambda-calculus/lambda-definability/fixpoints.tex	02f6f79ac6fba17035dc7cc4f4f658ecfeb16204cf0ec496e4d54f55613477e0	7097	locale/tr/content/lambda-calculus/lambda-definability/fixpoints.tex	e2fbbe21c125dbfbe8c4c75e9e2e33402c695212fd8bd93ec2222c9fc5b9d77d	6994	complete
OLP-0380	380	9620cc73f9c8e0ad003c514a5d3748f29611c4c0	content/lambda-calculus/lambda-definability/minimization.tex	792fdab3fca1c04b414385f66cb0c5d762134b661a9486b1e2664f29c27e89f7	2559	locale/tr/content/lambda-calculus/lambda-definability/minimization.tex	95d4317638a71b4d58e27f425774fa6b19651b6b2fe555e5037bcc009247964e	2592	complete
OLP-0381	381	9620cc73f9c8e0ad003c514a5d3748f29611c4c0	content/lambda-calculus/lambda-definability/partial-recursive-functions.tex	3cca3c4e7b7823e4ff52ac123941ec65f13752083190b37e349e8bba6a8b6e0e	1875	locale/tr/content/lambda-calculus/lambda-definability/partial-recursive-functions.tex	dcc08dd391108fe811431224660a5be3314d57c77ecf538594b43355b3b31723	1844	complete
OLP-0382	382	9620cc73f9c8e0ad003c514a5d3748f29611c4c0	content/lambda-calculus/lambda-definability/lambda-definable-recursive.tex	5084b64a843552bde883517ce5804906cd8eba67397b9ebf59978e07717095d2	2013	locale/tr/content/lambda-calculus/lambda-definability/lambda-definable-recursive.tex	0b27a2e41f97765567863f8059cde783440bab9af2bcc07ccf8f71130476d693	2187	complete
OLP-0383	383	9620cc73f9c8e0ad003c514a5d3748f29611c4c0	content/many-valued-logic/many-valued-logic.tex	2a69d563ac25cd027173829161a4d4ca4232563d204085e80613f2479086acf3	511	locale/tr/content/many-valued-logic/many-valued-logic.tex	c728ea9a7608e9013d5f3c009bc975f04278f75341506ad2c8d1227cd732fd2d	506	complete
OLP-0384	384	9620cc73f9c8e0ad003c514a5d3748f29611c4c0	content/many-valued-logic/syntax-and-semantics/syntax-and-semantics.tex	3f17bc4b7ea0fe51d95f584b107306edd4100705ec27dcc791df365570aadaab	413	locale/tr/content/many-valued-logic/syntax-and-semantics/syntax-and-semantics.tex	5ebc9714eea0f6925b16ae05ce4f5e3063a867fb8d10f5b60ad82bf1bebc8041	392	complete
OLP-0385	385	9620cc73f9c8e0ad003c514a5d3748f29611c4c0	content/many-valued-logic/syntax-and-semantics/introduction.tex	04e2f80166006666f802b240319654d7daec140e1272c37eabc916930b0e6212	3285	locale/tr/content/many-valued-logic/syntax-and-semantics/introduction.tex	28591c21371cf4d7baa6b863badb1feb69a9107728d6de779d5fa8bef9140321	3509	complete
OLP-0386	386	9620cc73f9c8e0ad003c514a5d3748f29611c4c0	content/many-valued-logic/syntax-and-semantics/connectives.tex	3e857c9e560394dc6839b520db3e2b71ef9e24b1f542648ccbe5af70a9993458	2862	locale/tr/content/many-valued-logic/syntax-and-semantics/connectives.tex	5326a20edfb24db82947aec928e7159b3249b114399da9e44eadc16d74408e66	2786	complete
OLP-0387	387	9620cc73f9c8e0ad003c514a5d3748f29611c4c0	content/many-valued-logic/syntax-and-semantics/formulas.tex	8001a85d62cff1f3207e029dbfcf21ef8d8581be0a0e50ffd6cd5ec87cc1bd38	1547	locale/tr/content/many-valued-logic/syntax-and-semantics/formulas.tex	39acd37757f71329c6faddfa3569de0c68caf81ef1f458c72ebb11be9f07b0b9	1482	complete
OLP-0388	388	9620cc73f9c8e0ad003c514a5d3748f29611c4c0	content/many-valued-logic/syntax-and-semantics/matrices.tex	a4b18492278743dee4b6df353c9cfd427f153eb499561b546998138370224644	2373	locale/tr/content/many-valued-logic/syntax-and-semantics/matrices.tex	a3eace3abc6a096a1d35eedb79d79e03b3919ab03292d8132dcdd485f3188149	2426	complete
OLP-0389	389	9620cc73f9c8e0ad003c514a5d3748f29611c4c0	content/many-valued-logic/syntax-and-semantics/valuations-sat.tex	97290aac82c2c9f18cab5c5207aa29bb556270f42378d41e9a9aeb301742438a	1667	locale/tr/content/many-valued-logic/syntax-and-semantics/valuations-sat.tex	dcbebeb5f4fdf16288665bacfa287da3fc155ff2056f0258f1939c02204f140e	1703	complete
OLP-0390	390	9620cc73f9c8e0ad003c514a5d3748f29611c4c0	content/many-valued-logic/syntax-and-semantics/semantic-notions.tex	b0d2713e104a374b3afc7c351b18cdc6f8270a5804161c97be024ca273bd2df9	2406	locale/tr/content/many-valued-logic/syntax-and-semantics/semantic-notions.tex	5145e60fa8337c2656651ff3d745b3796c886bcce7c7d202683d9c40a5814d53	2402	complete
OLP-0391	391	9620cc73f9c8e0ad003c514a5d3748f29611c4c0	content/many-valued-logic/syntax-and-semantics/sublogics.tex	e831e5ce1375c0ea5b2743d8c8c45cf0d8299dde538cdf46284e34a968c665a1	4122	locale/tr/content/many-valued-logic/syntax-and-semantics/sublogics.tex	dc351a6146e60b1d5bf3ae48a5ecf225e7db4fc4ab42d4337028a1e0f3bd95dc	4170	complete
OLP-0392	392	9620cc73f9c8e0ad003c514a5d3748f29611c4c0	content/many-valued-logic/three-valued-logics/three-valued-logics.tex	8015ad7f225f913aa068bd9e9cba20b78b35e0b3844c60fe8a3989f6c2d9ac74	358	locale/tr/content/many-valued-logic/three-valued-logics/three-valued-logics.tex	c3819b870f30b6634ba6999c14dfa73654ac86d030337fa0ffe51cec4c988a19	345	complete
OLP-0393	393	9620cc73f9c8e0ad003c514a5d3748f29611c4c0	content/many-valued-logic/three-valued-logics/introduction.tex	3c037aaf7bcd3d7986c15ccff60ecf1763afabbaf0e2be4c5a8961de46382eef	786	locale/tr/content/many-valued-logic/three-valued-logics/introduction.tex	38a59e5be71b05c25b84c65ad359af7f895f479e3035c8be731d4dd2b2196fb1	823	complete
OLP-0394	394	9620cc73f9c8e0ad003c514a5d3748f29611c4c0	content/many-valued-logic/three-valued-logics/lukasiewicz.tex	f4f46fab1263ab5437fc91964cf3e61a658ca18f5739c520a43f4e45f669f2ab	10307	locale/tr/content/many-valued-logic/three-valued-logics/lukasiewicz.tex	ae6991b0f2e305584ff2c6d061c3e15fbb55f757c9506b2ef5440a715808a50c	10657	complete
OLP-0395	395	9620cc73f9c8e0ad003c514a5d3748f29611c4c0	content/many-valued-logic/three-valued-logics/kleene.tex	5630d9cb5c6a43dde8e85791827e95326ea0258b9be9aecbef3e89ee098cb376	7075	locale/tr/content/many-valued-logic/three-valued-logics/kleene.tex	ba044c39a73695f55f4b99ec6a810798ccf0b6f0e11c9e5c7cfbfa44d4be404e	7191	complete
OLP-0396	396	9620cc73f9c8e0ad003c514a5d3748f29611c4c0	content/many-valued-logic/three-valued-logics/goedel.tex	de6e29f7cf74c9ee8288354943e960df3ccb3f50ebaa2921442b20c9adac13bf	4223	locale/tr/content/many-valued-logic/three-valued-logics/goedel.tex	dfd0be5d2e69334f0db546403482d40d68aa362734e55c3fdf023f569dfe8d8e	4274	complete
OLP-0397	397	9620cc73f9c8e0ad003c514a5d3748f29611c4c0	content/many-valued-logic/three-valued-logics/multiple-designation.tex	105d956c622e310bf3039faa57d0fb5604531a143cc8c7bcf3c48d26ee038a09	8529	locale/tr/content/many-valued-logic/three-valued-logics/multiple-designation.tex	4261b612a91f8cff66911629af16f753136f59a65f4f79f391d01cb8185f3160	9160	complete
OLP-0398	398	9620cc73f9c8e0ad003c514a5d3748f29611c4c0	content/many-valued-logic/infinite-valued-logics/infinite-valued-logics.tex	fb04e81a62757c4d33472613879b832aaab480e9be4f9e8b7396299017352921	305	locale/tr/content/many-valued-logic/infinite-valued-logics/infinite-valued-logics.tex	fb54ad58ec21583b3bd05f06ab3525ec8940d44fdbde66c258d14f06e774f2fb	298	complete
OLP-0399	399	9620cc73f9c8e0ad003c514a5d3748f29611c4c0	content/many-valued-logic/infinite-valued-logics/introduction.tex	affd39b02580135e472d159f31cbe2a5805f344a9eab515a4bce7fd18999889e	1338	locale/tr/content/many-valued-logic/infinite-valued-logics/introduction.tex	4732ba2a2e78bc11ac8759ee68915c6a5b1bdd738c511e0ae639abba2f734fde	1473	complete
OLP-0400	400	9620cc73f9c8e0ad003c514a5d3748f29611c4c0	content/many-valued-logic/infinite-valued-logics/lukasiewicz.tex	3b6867d8660841a2e8ce81b27726e0848efb71629edd19aa77fd8cbc638ed543	3129	locale/tr/content/many-valued-logic/infinite-valued-logics/lukasiewicz.tex	5439905fb569c21392f67d093f44e9913a0df96dcbb31df202df717a9f93a83e	3197	complete
OLP-0401	401	9620cc73f9c8e0ad003c514a5d3748f29611c4c0	content/many-valued-logic/infinite-valued-logics/goedel.tex	e763954137e0c3ed9e2ce32d0ed248bd50e922f7f147fc0506e482878932314b	3992	locale/tr/content/many-valued-logic/infinite-valued-logics/goedel.tex	9253daa3e4cef91d3654a40e5d21afc6b33a84352f1b5e794ebeaa8f5c48a80a	4037	complete
OLP-0402	402	9620cc73f9c8e0ad003c514a5d3748f29611c4c0	content/many-valued-logic/sequent-calculus/sequent-calculus.tex	def8a764c8cb783a86a6704d96ae02529921a0bb30d118b4fe4cff4ac667cf19	348	locale/tr/content/many-valued-logic/sequent-calculus/sequent-calculus.tex	e44ff764662a4108de7e8fe76328b049078ad455754db543fdd16718d5a75698	330	complete
OLP-0403	403	9620cc73f9c8e0ad003c514a5d3748f29611c4c0	content/many-valued-logic/sequent-calculus/introduction.tex	4077eee65fb505ab3b97ebfc37616593b555252fafbbbebe0413981e0988bbe3	3193	locale/tr/content/many-valued-logic/sequent-calculus/introduction.tex	b0c1d858b5b612654dddc7f05154d8a2d73df9fa03a063af1ebef230df4d2093	3132	complete
OLP-0404	404	9620cc73f9c8e0ad003c514a5d3748f29611c4c0	content/many-valued-logic/sequent-calculus/rules-and-proofs.tex	bc7f60e5e64ad1000db484141861723f90d7eee4316d1885263c3db652089972	3007	locale/tr/content/many-valued-logic/sequent-calculus/rules-and-proofs.tex	3219ad44ee19a8b5ec2608ce8cdff1e832ed4801edbe6451aa8644ede897fd6a	3106	complete
OLP-0405	405	9620cc73f9c8e0ad003c514a5d3748f29611c4c0	content/many-valued-logic/sequent-calculus/structural-rules.tex	56cff0e33dcc908b72e501cd49a7dd69f0a70e4b74dcd2b84e9a18494848af14	1834	locale/tr/content/many-valued-logic/sequent-calculus/structural-rules.tex	6ef2b27469236022a675cf8dab70996dff41bd95e459b5b50bfc8a15c0d8a696	1830	complete
OLP-0406	406	9620cc73f9c8e0ad003c514a5d3748f29611c4c0	content/many-valued-logic/sequent-calculus/propositional-rules.tex	0d74a6c4ba24d5178d205fd05971dd4684e3d8fcdae367878ab857e3a54513b6	8173	locale/tr/content/many-valued-logic/sequent-calculus/propositional-rules.tex	9e00195bd0325680801c0839034395dad48a143b5efaa55b410cdbe157f230bb	8126	complete
OLP-0407	407	9620cc73f9c8e0ad003c514a5d3748f29611c4c0	content/normal-modal-logic/normal-modal-logic.tex	e388c5bd59b5f2ac9fee081e6645262cfd0361cdc72d3e1d6f51f07788f87077	706	locale/tr/content/normal-modal-logic/normal-modal-logic.tex	4ac220657435dc838c930205ce78fece68c0a11248cf9cfc9abdccaf5a4d30d0	714	complete
OLP-0408	408	9620cc73f9c8e0ad003c514a5d3748f29611c4c0	content/normal-modal-logic/syntax-and-semantics/syntax-and-semantics.tex	5e8e509437c77846b7ec17bdc55a8c960fcd45cffc363a55830ebc76ac6b03fe	503	locale/tr/content/normal-modal-logic/syntax-and-semantics/syntax-and-semantics.tex	b5106f4fe4f6f1c64600dbee456df6929b5f71459766ace3d9fb4fdafdbb7826	484	complete
OLP-0409	409	9620cc73f9c8e0ad003c514a5d3748f29611c4c0	content/normal-modal-logic/syntax-and-semantics/introduction.tex	42c2f00e8f81aab33744c17ecd192e38262a12cffa935cabb079a56e541618e2	4962	locale/tr/content/normal-modal-logic/syntax-and-semantics/introduction.tex	01b375181eb018494d27142ae0a787fb8219fbdf51ae8eea344fe576acd3181b	5419	complete
OLP-0410	410	9620cc73f9c8e0ad003c514a5d3748f29611c4c0	content/normal-modal-logic/syntax-and-semantics/language-modal-logic.tex	adacd15035d83e6b193aef874044156015bf168e67966833d5cdb5c064bdce1d	3526	locale/tr/content/normal-modal-logic/syntax-and-semantics/language-modal-logic.tex	c969419e41353ecb23db05da9dee4aff731157e22b43b3f6d7f046beb69c7c47	3603	complete
OLP-0411	411	9620cc73f9c8e0ad003c514a5d3748f29611c4c0	content/normal-modal-logic/syntax-and-semantics/substitution.tex	0bb0f93514ff2ac33a6a21dbbf58cbfdcba80f31440588d322ef2b74cb2920c8	4811	locale/tr/content/normal-modal-logic/syntax-and-semantics/substitution.tex	bf565b78a50da4b733df22014b8da470177e7d3bc7ac8f88d21568d357d7afd0	5057	complete
OLP-0412	412	9620cc73f9c8e0ad003c514a5d3748f29611c4c0	content/normal-modal-logic/syntax-and-semantics/relational-models.tex	44275ea8cfe80a1e854fbc630dd3d5e37ead7e8b0223baa0fe6df4e23b806f77	2161	locale/tr/content/normal-modal-logic/syntax-and-semantics/relational-models.tex	776532a6089ac22670b240fe95e1d66d22537f29b42f8b4800286e57bea8d1c3	2232	complete
OLP-0413	413	9620cc73f9c8e0ad003c514a5d3748f29611c4c0	content/normal-modal-logic/syntax-and-semantics/truth-at-w.tex	082e6f52306e829ab4b612be9237998cf1d08bec190f972d849b8f6b5e74e8cc	5344	locale/tr/content/normal-modal-logic/syntax-and-semantics/truth-at-w.tex	e1c2d04daf48ec9abcae21e103ce8480502aa40e54968809595701e8543d3e1e	6370	complete
OLP-0414	414	9620cc73f9c8e0ad003c514a5d3748f29611c4c0	content/normal-modal-logic/syntax-and-semantics/truth-in-model.tex	d5de1040475bc5914585dddbf1d0a6988b91b47370448007d5b8d6149b8155aa	3244	locale/tr/content/normal-modal-logic/syntax-and-semantics/truth-in-model.tex	f6dccbf4d0bca8f192d2120549bc05fb61176c29d283ab7a2fd331bd70f0d309	3462	complete
OLP-0415	415	9620cc73f9c8e0ad003c514a5d3748f29611c4c0	content/normal-modal-logic/syntax-and-semantics/modal-validity.tex	23df39bee4d4509f5b47252de718b4d838a2c05d92e7de008104b0bb5daa6a4f	2992	locale/tr/content/normal-modal-logic/syntax-and-semantics/modal-validity.tex	581f38a0f1e16c354b295e7beaf0d8504c1fe7909d30aed8dd5758ecbbe8be66	3195	complete
OLP-0416	416	9620cc73f9c8e0ad003c514a5d3748f29611c4c0	content/normal-modal-logic/syntax-and-semantics/tautological-instances.tex	66c19333c30bef87cdcab48001ee3ade880047253538863ba985d33ddbc34905	6893	locale/tr/content/normal-modal-logic/syntax-and-semantics/tautological-instances.tex	9bf0468d8e298e55f9e6dd600a5a699b9bbb383e3d27c277628a7f4b0035de9b	7021	complete
OLP-0417	417	9620cc73f9c8e0ad003c514a5d3748f29611c4c0	content/normal-modal-logic/syntax-and-semantics/schemas.tex	5c9f569fbee942e71c14aab2686c1d8034a553e2ae7c92b2afcaa1cebd66cef7	6644	locale/tr/content/normal-modal-logic/syntax-and-semantics/schemas.tex	73532fcd2ea5670edf61d834105c2d4c90a47f5f319e9a8e03c2872284178caf	7006	complete
OLP-0418	418	9620cc73f9c8e0ad003c514a5d3748f29611c4c0	content/normal-modal-logic/syntax-and-semantics/entailment.tex	101130800880b56a39c7d9dea583488c625739deceeaa402e90fd22d47962a05	3491	locale/tr/content/normal-modal-logic/syntax-and-semantics/entailment.tex	d0e3a44e41e22b1944a349ca6a3e9ade2a8e6775ee7c8f17ddd77a3afa3a5473	3822	complete
OLP-0419	419	9620cc73f9c8e0ad003c514a5d3748f29611c4c0	content/normal-modal-logic/frame-definability/frame-definability.tex	8fa74ca1a369c2dbd54bf32a2f71f1568a5a4138f15378624998ce37e2a70153	439	locale/tr/content/normal-modal-logic/frame-definability/frame-definability.tex	0b20276bc0f970a070e59a104bab261349da601a4b537018560a6459e56683f0	434	complete
OLP-0420	420	9620cc73f9c8e0ad003c514a5d3748f29611c4c0	content/normal-modal-logic/frame-definability/introduction.tex	9a12846cc6aec1571d7bea28a1006355fd1701ae4fee0118742210179589dfa9	2939	locale/tr/content/normal-modal-logic/frame-definability/introduction.tex	8cd02879482bdca6b786b74442806cd617b9b72227ecaf74b9e3158daef809e1	3182	complete
OLP-0421	421	9620cc73f9c8e0ad003c514a5d3748f29611c4c0	content/normal-modal-logic/frame-definability/properties-accessibility.tex	6934aac16103b285862b4c8619a88082d92d60dfb66f0a5c93ed746b52316d20	8096	locale/tr/content/normal-modal-logic/frame-definability/properties-accessibility.tex	58cf0ed00195ce94d6d7877ebb797a2c77bcfbaa72a85e08f6977fd6302dfe2e	8335	complete
OLP-0422	422	9620cc73f9c8e0ad003c514a5d3748f29611c4c0	content/normal-modal-logic/frame-definability/frames.tex	e53b6addd368a8e69f4ca6df17fdc151634ef3b235c582f0195a453f0f35de27	1844	locale/tr/content/normal-modal-logic/frame-definability/frames.tex	49ede02bb019ef66764336c3a017f53c8e7717edb3e640e98f4417e4f6790634	2057	complete
OLP-0423	423	9620cc73f9c8e0ad003c514a5d3748f29611c4c0	content/normal-modal-logic/frame-definability/definability.tex	072dfd4f743977f825a23d779ca9236013811255aee629948a92b96bfb4cbefd	7953	locale/tr/content/normal-modal-logic/frame-definability/definability.tex	424ee2d55d3e68025fea080b523073171fd8d8161468bc49e3be49fd21955e67	8423	complete
OLP-0424	424	9620cc73f9c8e0ad003c514a5d3748f29611c4c0	content/normal-modal-logic/frame-definability/first-order-definability.tex	2c0b37bf344b0cd2841ca978e5f2999c1173694c45709dee037c887c5e91c5a1	3982	locale/tr/content/normal-modal-logic/frame-definability/first-order-definability.tex	7401cff1a1e4675bd7dc1b80fa358a077946a71634485426cf6ec1fcb283ee9f	4277	complete
OLP-0425	425	9620cc73f9c8e0ad003c514a5d3748f29611c4c0	content/normal-modal-logic/frame-definability/equivalence-S5.tex	8e65223dede5d8d51bcb8416f051f72b483f092fbc48a78f7039be70ee13935d	5886	locale/tr/content/normal-modal-logic/frame-definability/equivalence-S5.tex	a47a9819fc216f250b7b64ca202b80d567e5046b1a2157f680132e35da977d05	6152	complete
OLP-0426	426	9620cc73f9c8e0ad003c514a5d3748f29611c4c0	content/normal-modal-logic/frame-definability/second-order-definability.tex	94e8a7aa4e08b6783c65c18a10192dd49f82b14acbd1133dd3830abb6f324ce0	6831	locale/tr/content/normal-modal-logic/frame-definability/second-order-definability.tex	9997c85b02defe52ba8eb176ab3749fdd775497d8f9a865fa5ef0e9d55486361	7222	complete
OLP-0427	427	9620cc73f9c8e0ad003c514a5d3748f29611c4c0	content/normal-modal-logic/axioms-systems/axioms-systems.tex	e914516589d120a2aa25bba0cb22c79853f972c93831ee984cf1c317a7f4e872	593	locale/tr/content/normal-modal-logic/axioms-systems/axioms-systems.tex	f38a19279107fffef14c361bdc859a6170bb94893abeeb3c4b0f4ad520e9d5b2	572	complete
OLP-0428	428	9620cc73f9c8e0ad003c514a5d3748f29611c4c0	content/normal-modal-logic/axioms-systems/introduction.tex	da7134ad2fb27e1b08c74d4e6286a6e6036e07e55b43f79c8e3be8b2c673a56c	3763	locale/tr/content/normal-modal-logic/axioms-systems/introduction.tex	fe327bcdeff990cea888a7a732d1df86cd74b292b4fba1a246276658708c6fbc	4103	complete
OLP-0429	429	9620cc73f9c8e0ad003c514a5d3748f29611c4c0	content/normal-modal-logic/axioms-systems/normal-logics.tex	26665f5c6237cf0fa90f5ca122fd38e0278de2eb3e385ceaf656e8119de0b746	4495	locale/tr/content/normal-modal-logic/axioms-systems/normal-logics.tex	59fd08788019d89e210e07ed14aa92bf188721f8f9c8cb8c03998ec307957b57	4650	complete
OLP-0430	430	9620cc73f9c8e0ad003c514a5d3748f29611c4c0	content/normal-modal-logic/axioms-systems/logics-proofs.tex	391ec991c00e706de0b49ec44606bddc392109911138a3a506a611fd72548774	4539	locale/tr/content/normal-modal-logic/axioms-systems/logics-proofs.tex	745cee6a8b8706863cfa777b8cf5809a4dbd3601edc349b620dc16888914a07e	4754	complete
OLP-0431	431	9620cc73f9c8e0ad003c514a5d3748f29611c4c0	content/normal-modal-logic/axioms-systems/proofs-in-K.tex	2898ed73e8bfcfa8908ce113e21931f8d6f8f275e3bdfd0cb304aa907632d8dd	6606	locale/tr/content/normal-modal-logic/axioms-systems/proofs-in-K.tex	69b1b2c315302944e2e2850405646c5d61d5b5f1c276e3c019bac0740aae46a2	6500	complete
OLP-0432	432	9620cc73f9c8e0ad003c514a5d3748f29611c4c0	content/normal-modal-logic/axioms-systems/derived-rules.tex	f1c5297ba77e51aa0d3311330a018d6e9edd0e002512f730ce32c18b75c47245	6335	locale/tr/content/normal-modal-logic/axioms-systems/derived-rules.tex	4fde50775e1e7677063788be1ff926c362522c15bc388b8901837fc50790be45	6786	complete
OLP-0433	433	9620cc73f9c8e0ad003c514a5d3748f29611c4c0	content/normal-modal-logic/axioms-systems/more-proofs-in-K.tex	b9162a0c9f7c828fefb03d65e0f8385aa3bfd4391256b63547752aa1363f1bfb	3648	locale/tr/content/normal-modal-logic/axioms-systems/more-proofs-in-K.tex	cdfc93fdf84a99395e03c5881f589168f8becf7a23588580f3c9e44a04865c0d	3611	complete
OLP-0434	434	9620cc73f9c8e0ad003c514a5d3748f29611c4c0	content/normal-modal-logic/axioms-systems/duals.tex	4f0c9ac68870b3fdaea3140aece1216922a75856066ba1ff7fbd1a45e7372408	1250	locale/tr/content/normal-modal-logic/axioms-systems/duals.tex	987230d1d4d77b5cdd4a5ac1b7bc22408c1834a65e885110634af7671ec4754e	1288	complete
OLP-0435	435	9620cc73f9c8e0ad003c514a5d3748f29611c4c0	content/normal-modal-logic/axioms-systems/proofs-modal-systems.tex	3489600c68c1c7ba7ea7dd17e194f984626ac182c05f2cd541a89157eb4411ac	4089	locale/tr/content/normal-modal-logic/axioms-systems/proofs-modal-systems.tex	db2ab4f1299274b4f4d9459073e5910a9387777c9f17f2af9fda3d0742438b23	4108	complete
OLP-0436	436	9620cc73f9c8e0ad003c514a5d3748f29611c4c0	content/normal-modal-logic/axioms-systems/soundness.tex	89f0604c1941aba0796c9051f249e216020e9325c2ba134d6a6d8112cc717e16	2551	locale/tr/content/normal-modal-logic/axioms-systems/soundness.tex	7fd4b7f4beaf90653b72ea1009095574a1b86da7d6ae668bb8eeb6000e588c0d	2679	complete
OLP-0437	437	9620cc73f9c8e0ad003c514a5d3748f29611c4c0	content/normal-modal-logic/axioms-systems/systems-distinct.tex	57c9746f7d2e1760bbe52ec023690e0c3c42a5e73e421bae868f29f1c804c9af	5795	locale/tr/content/normal-modal-logic/axioms-systems/systems-distinct.tex	d60d858ec90c315c6102e7e3fa1b80aba4a3882bfb9fa5788b9563fb429c3b7d	6333	complete
OLP-0438	438	9620cc73f9c8e0ad003c514a5d3748f29611c4c0	content/normal-modal-logic/axioms-systems/provability-from-set.tex	79b830de121e4ee1530fc2597aeaa2f4982a77e9cba947daca4e9c1936217e27	827	locale/tr/content/normal-modal-logic/axioms-systems/provability-from-set.tex	871679ff24e936791b17f7572aedd9b8fa85ad0a403ae2549e3315e06453c414	882	complete
OLP-0439	439	9620cc73f9c8e0ad003c514a5d3748f29611c4c0	content/normal-modal-logic/axioms-systems/provability-properties.tex	bebb71c5532f0a55e4defc889b06ef952a7685d85c3770956be02206cc85bf13	2004	locale/tr/content/normal-modal-logic/axioms-systems/provability-properties.tex	7f93bc0b55a2c9de95a9761280e48591c7552af460339ef17f57c9d7b54d0c0c	2079	complete
OLP-0440	440	9620cc73f9c8e0ad003c514a5d3748f29611c4c0	content/normal-modal-logic/axioms-systems/consistency.tex	11aee245bd1a68ba94b144186fbed464bbad4ef44cd7b9571e8074873f673e29	2557	locale/tr/content/normal-modal-logic/axioms-systems/consistency.tex	8438a516edefd3ea2bba9f2bb1efbc835867f6ec3f4edd0ed134eb058bc0018d	2520	complete
OLP-0441	441	9620cc73f9c8e0ad003c514a5d3748f29611c4c0	content/normal-modal-logic/completeness/completeness.tex	17bd97fe5b7130afbc9fb23960172f806d216c7e3db0d10cb695bdb741f7da8e	470	locale/tr/content/normal-modal-logic/completeness/completeness.tex	70db78ee76340fc850e35c097e47a105595e32492fe09f34224c34cdbaf8755f	446	complete
OLP-0442	442	9620cc73f9c8e0ad003c514a5d3748f29611c4c0	content/normal-modal-logic/completeness/introduction.tex	d500fd6faf4d5c34b98fe64e568bfa8666cb6c740020c628f69b880ac4e5e222	3771	locale/tr/content/normal-modal-logic/completeness/introduction.tex	ef7e8309bf46b6131133b3640c679aa5df67fa114ba6f6f8c72f64955a387636	3829	complete
OLP-0443	443	9620cc73f9c8e0ad003c514a5d3748f29611c4c0	content/normal-modal-logic/completeness/complete-consistent-sets.tex	ad1e90f6a43ee549d4093244ecfdaea486413da09e24c0912463823f5251d6ee	6272	locale/tr/content/normal-modal-logic/completeness/complete-consistent-sets.tex	12d7dc61f091ed0dab3e5ca9a3998a53edf2e4167418c6ab6754d0e32a8612ce	5995	complete
OLP-0444	444	9620cc73f9c8e0ad003c514a5d3748f29611c4c0	content/normal-modal-logic/completeness/lindenbaums-lemma.tex	3c6d6919faf4fad025e8dd5c44b280699e607071a49a03d24e7d9927b257ab50	5026	locale/tr/content/normal-modal-logic/completeness/lindenbaums-lemma.tex	6a490571faac240c5f903927e9b25cd4d0069a40a78357381b947982b3013689	4991	complete
OLP-0445	445	9620cc73f9c8e0ad003c514a5d3748f29611c4c0	content/normal-modal-logic/completeness/modalities-ccs.tex	91e1e53bf83994ee0fa725946f68747aa9124a7786295bcc75daf7c2f12e1382	10975	locale/tr/content/normal-modal-logic/completeness/modalities-ccs.tex	58a83cfe2dd40622c1e2198e754213d132656a34afc1823650939db8a8d2cc1a	10808	complete
OLP-0446	446	9620cc73f9c8e0ad003c514a5d3748f29611c4c0	content/normal-modal-logic/completeness/canonical-models.tex	cab236b83360cac46b744dae936e62e6e17148f2d848f7dadc5cfd7f75242eef	1139	locale/tr/content/normal-modal-logic/completeness/canonical-models.tex	ef1b7af9f533011ceea461c30253f0d32b296f062e2dcdce32d6c7b9fe1daccd	1139	complete
OLP-0447	447	9620cc73f9c8e0ad003c514a5d3748f29611c4c0	content/normal-modal-logic/completeness/truth-lemma.tex	003bd77d987951f490d9cd42859c27156f89a86f69f97d63f9d39ddc88dda3ad	7120	locale/tr/content/normal-modal-logic/completeness/truth-lemma.tex	966101cdcfaab6300ec677644327b423753a6702de84a07ea06dd6ab36d7d614	7406	complete
OLP-0448	448	9620cc73f9c8e0ad003c514a5d3748f29611c4c0	content/normal-modal-logic/completeness/completeness-K.tex	ad393ad7918804ede4435932bea73f1a318fee474f96d849320cf5310ba9ed00	2440	locale/tr/content/normal-modal-logic/completeness/completeness-K.tex	c99e80de3dbc24b2e8206aa60808c5de098d93086f3debfe258383717e50595e	2397	complete
OLP-0449	449	9620cc73f9c8e0ad003c514a5d3748f29611c4c0	content/normal-modal-logic/completeness/frame-completeness.tex	43e245d167b811ab17e3c1cd194073aa4b5acd12a65a54dff2fd93189ae8ddab	10958	locale/tr/content/normal-modal-logic/completeness/frame-completeness.tex	9e3e6c1a4551f0074dfb124b9a394b1633dceaefecc32acb759650f030e34338	10738	complete
OLP-0450	450	9620cc73f9c8e0ad003c514a5d3748f29611c4c0	content/normal-modal-logic/filtrations/filtrations.tex	b5c5d2f26dae0bc648c203384de840efd27c552a21e4f738487eb5ed7acfa3c9	468	locale/tr/content/normal-modal-logic/filtrations/filtrations.tex	2ef5ccde91c548815d4b801d7f2a3db97f7dcb480786133ae46a9c931dcbf0e4	454	complete
OLP-0451	451	9620cc73f9c8e0ad003c514a5d3748f29611c4c0	content/normal-modal-logic/filtrations/introduction.tex	aa693a25d6c6149a595cbf49f3969d3d32a9c58a6124d9b4b550dde35b1bb276	7387	locale/tr/content/normal-modal-logic/filtrations/introduction.tex	42f86f0bad0c21902e57209112e9e84246b007fa19e791c3c7be44f6b6310583	7697	complete
OLP-0452	452	9620cc73f9c8e0ad003c514a5d3748f29611c4c0	content/normal-modal-logic/filtrations/preliminaries.tex	ca2f0116347a7f85bddced81bbc5607d64388f81bf9555b058c2eaf888163ebd	3034	locale/tr/content/normal-modal-logic/filtrations/preliminaries.tex	aa960e63dcce86c406546e871c199e631e8a31ca8b59cffe290f87faac19a97b	3200	complete
OLP-0453	453	9620cc73f9c8e0ad003c514a5d3748f29611c4c0	content/normal-modal-logic/filtrations/filtrations-def.tex	4544284c0506689d6ae806c8466d29e143908faaeccc4381fbb1820c98e8a955	8128	locale/tr/content/normal-modal-logic/filtrations/filtrations-def.tex	b318eeca18e671afc84d509c50754f129d061ccd308be5fd2c7d470092871e50	8432	complete
OLP-0454	454	9620cc73f9c8e0ad003c514a5d3748f29611c4c0	content/normal-modal-logic/filtrations/examples-of-filtrations.tex	12e9c2d37f31bd1989dbcacd02ac23ce26ea95f12eb4e79f33fb9d64b8edaff5	9839	locale/tr/content/normal-modal-logic/filtrations/examples-of-filtrations.tex	4510adc34bc138ea1d10c8727a791f71c4cf1f3d70b91853e0d0f0dd339da418	10227	complete
OLP-0455	455	9620cc73f9c8e0ad003c514a5d3748f29611c4c0	content/normal-modal-logic/filtrations/finite.tex	a0c695c86cbdec8bc0b0de88bc3b9b773ae5342917faab46096e36228d7b6e21	1838	locale/tr/content/normal-modal-logic/filtrations/finite.tex	fe79f02f86052eb513402a95ab6bf84d02334dfeca7d46ada4ec234495e46469	1924	complete
OLP-0456	456	9620cc73f9c8e0ad003c514a5d3748f29611c4c0	content/normal-modal-logic/filtrations/S5-fmp.tex	ecc76c904a30e63e01617cc1f14f419d3b0a3f32095a51a60479439a093b66a4	3428	locale/tr/content/normal-modal-logic/filtrations/S5-fmp.tex	be36fd24ffc4c3469ecf721ef65f05ae4ed4014c7a0a10832c00069027bbeafd	3598	complete
OLP-0457	457	9620cc73f9c8e0ad003c514a5d3748f29611c4c0	content/normal-modal-logic/filtrations/S5-decidable.tex	2b2a88ecdba3655c22f703cc0b879ed425f002c816bd776a08a29a8cc46121f4	1458	locale/tr/content/normal-modal-logic/filtrations/S5-decidable.tex	fed67869d2905ba34de4e9e14a34777c79dce7fb51cb71de8bb416e5019eba27	1548	complete
OLP-0458	458	9620cc73f9c8e0ad003c514a5d3748f29611c4c0	content/normal-modal-logic/filtrations/more-filtrations.tex	f210bbacff9f50e2c73f1496399316684eacdf3084c25177c7c99afb17c9fc76	5796	locale/tr/content/normal-modal-logic/filtrations/more-filtrations.tex	bab3ee7a46328c4a887e8ed08bbd5df67ba884f4230a3518ecec92489737853a	5941	complete
OLP-0459	459	9620cc73f9c8e0ad003c514a5d3748f29611c4c0	content/normal-modal-logic/filtrations/euclidean-filtrations.tex	0fa161e75ec1d79490dd372c9b0dd1b85f737bc91eb0aeb026d6bb01109691bb	5355	locale/tr/content/normal-modal-logic/filtrations/euclidean-filtrations.tex	39dc47360e5ed838421e629b2123f0f28371a7b9e6d094a42dd24154c12d966d	5458	complete
OLP-0460	460	9620cc73f9c8e0ad003c514a5d3748f29611c4c0	content/normal-modal-logic/tableaux/tableaux.tex	79ca081b2f14126ce017a6d3b8defda2ff12d3b00aa27ea162a7eba5995dcf40	692	locale/tr/content/normal-modal-logic/tableaux/tableaux.tex	f0c44b5d9e1c481c9b951c0772430b2c75da8c6539b20938ebd3f0a7a2439ad2	732	complete
OLP-0461	461	9620cc73f9c8e0ad003c514a5d3748f29611c4c0	content/normal-modal-logic/tableaux/introduction.tex	bbd3ee3259bbdf70dffc210de4e2f37a1c1ba82af976bd83ffe25122ca5950ad	2590	locale/tr/content/normal-modal-logic/tableaux/introduction.tex	d993487ec04114acbdc8973b4a9d2525a7bbbac64cd68d22f2ecea405599e2b6	2686	complete
OLP-0462	462	9620cc73f9c8e0ad003c514a5d3748f29611c4c0	content/normal-modal-logic/tableaux/rules-for-K.tex	0c6acbc7f6f35c263e0d8fba2b8349160d594013c1c1a1e2182182705665311e	9832	locale/tr/content/normal-modal-logic/tableaux/rules-for-K.tex	b0f4af8993e402e9e36de2ba6c78143dc78374806bf71cf88c4a913cb254176b	9684	complete
OLP-0463	463	9620cc73f9c8e0ad003c514a5d3748f29611c4c0	content/normal-modal-logic/tableaux/proofs-in-K.tex	52457e85fa8c243deb71975c98d0f2065b4f4ca97e789d919c626242233e47d8	3353	locale/tr/content/normal-modal-logic/tableaux/proofs-in-K.tex	b08e735144a6a76ca790293339a81d7c2476144fe78e95bf98ad4288f2f8323d	3294	complete
OLP-0464	464	9620cc73f9c8e0ad003c514a5d3748f29611c4c0	content/normal-modal-logic/tableaux/soundness.tex	b3a655bec656a3f82a1006299ae5504ebfa769f8d3c9b5f45482a824df34d9c7	12970	locale/tr/content/normal-modal-logic/tableaux/soundness.tex	3bb435947f5890fffe21be8a7b5ae6373de21ca1bf7bc0fd01d7b0e789f6041b	13008	complete
OLP-0465	465	9620cc73f9c8e0ad003c514a5d3748f29611c4c0	content/normal-modal-logic/tableaux/more-rules.tex	ce3fa1be78da101bfc043015b365dd3d0487e8455179b26d3bf2aa4991bf8519	6238	locale/tr/content/normal-modal-logic/tableaux/more-rules.tex	8070df0f370b9818f8656f26f884bcb7081ca94f2d34e3e66c196e934ceb05f9	6215	complete
OLP-0466	466	9620cc73f9c8e0ad003c514a5d3748f29611c4c0	content/normal-modal-logic/tableaux/more-soundness.tex	c14dabbd9555ee487e6226321348935dfcf8aba0459fb5f8c0544be9ae8e1ef4	9612	locale/tr/content/normal-modal-logic/tableaux/more-soundness.tex	4128151d912914c8f8ddb33f11cd761695ef265220cee5d9677c2bde05d574be	9647	complete
OLP-0467	467	9620cc73f9c8e0ad003c514a5d3748f29611c4c0	content/normal-modal-logic/tableaux/simple-S5.tex	9c1e1d4b8416a069d786669d67a508fbbca7bae64c410e1a6ceb273d6f32b21a	3029	locale/tr/content/normal-modal-logic/tableaux/simple-S5.tex	35beed55f0f78c4077073a438eb334bc4a2276a39ce283a1ae92b5c18353c1f0	3112	complete
OLP-0468	468	9620cc73f9c8e0ad003c514a5d3748f29611c4c0	content/normal-modal-logic/tableaux/completeness.tex	228f8da4bd27b3d80700eb6306c9a1bbf1e8f1253e7252fb92f678e3a4f3622e	10378	locale/tr/content/normal-modal-logic/tableaux/completeness.tex	a7c09533597cc059ee8f67592189287fbd751bd7dc14727481991a3772859150	9971	complete
OLP-0469	469	9620cc73f9c8e0ad003c514a5d3748f29611c4c0	content/normal-modal-logic/tableaux/countermodels.tex	83566084b28a72febbb584c4f23b0a3047b5eaced35fc063402df7b7649a993b	13181	locale/tr/content/normal-modal-logic/tableaux/countermodels.tex	2a545de2ba45f0494c869a8527945bff2c4b75940b0112bfe6cef0fcf67ae9b5	12970	complete
OLP-0470	470	9620cc73f9c8e0ad003c514a5d3748f29611c4c0	content/normal-modal-logic/sequent-calculus/sequent-calculus.tex	79b83081634ef4076da10bb045e228b7d85d3d4f6b96cf71ae68f7610f59ea2e	582	locale/tr/content/normal-modal-logic/sequent-calculus/sequent-calculus.tex	5eb06c1cce9183502dd50bf1c14c55fc687a3ffdb89427d39a65257c1eef60a7	601	complete
OLP-0471	471	9620cc73f9c8e0ad003c514a5d3748f29611c4c0	content/normal-modal-logic/sequent-calculus/introduction.tex	d3612957dd1bda16feeb6492a907ff1f74f309be4a2033901df72655a0492ae2	1556	locale/tr/content/normal-modal-logic/sequent-calculus/introduction.tex	fb4f5e1b04128a20f50c9ce95de8828ed246b35364412171537e1bbb0560a339	1541	complete
OLP-0472	472	9620cc73f9c8e0ad003c514a5d3748f29611c4c0	content/normal-modal-logic/sequent-calculus/rules-for-K.tex	4606b89ce8e80f68570cb3a4f7127ae001407503757e6a12f927fd61d8ab299c	4981	locale/tr/content/normal-modal-logic/sequent-calculus/rules-for-K.tex	c8ff908cdf491e651e3acfdfc8a4a2e19c6f57bd704a1ee907492ca913fd1739	4905	complete
OLP-0473	473	9620cc73f9c8e0ad003c514a5d3748f29611c4c0	content/normal-modal-logic/sequent-calculus/proofs-in-K.tex	ad4e6505acb27ac32066fc9db60be9aadb5508713d237bc6720db3253230c023	4221	locale/tr/content/normal-modal-logic/sequent-calculus/proofs-in-K.tex	2ab69eefeb6b1dc4862d848961fee313efc6a453a4f151226d4806497da58735	4112	complete
OLP-0474	474	9620cc73f9c8e0ad003c514a5d3748f29611c4c0	content/normal-modal-logic/sequent-calculus/more-rules.tex	d64fed4c7e8009fe3e860b1e7c9ffdea99fdf665bb10245f56b1d39616729665	11297	locale/tr/content/normal-modal-logic/sequent-calculus/more-rules.tex	d549820f7279d8586cf196797f85559d5f9dd3fa3d05deba8e2ed1907ae940bb	11067	complete
OLP-0475	475	9620cc73f9c8e0ad003c514a5d3748f29611c4c0	content/applied-modal-logic/applied-modal-logic.tex	43d91b586d09ec42918d7f9ec426eeb054691f9848388e0758b5e13c4b8c90d0	436	locale/tr/content/applied-modal-logic/applied-modal-logic.tex	2ccd35daa97d4b65b03c827637288aab9a1966e5b883b0511e5d0835006d5ea0	430	complete
OLP-0476	476	9620cc73f9c8e0ad003c514a5d3748f29611c4c0	content/applied-modal-logic/temporal-logic/temporal-logic.tex	00aa71c0830bf893ca99cd14696619cfd9c958189f9b8d1dffd8ae2f90688378	465	locale/tr/content/applied-modal-logic/temporal-logic/temporal-logic.tex	59a42e22c7a0f749781871905d1d9591ab2d6488d0f530e7ffd527ede57152d8	612	complete
OLP-0477	477	9620cc73f9c8e0ad003c514a5d3748f29611c4c0	content/applied-modal-logic/temporal-logic/introduction.tex	499adc08c8da0fee513c93ad96c49089288c84e132b736ea37baf5e46ba175db	2653	locale/tr/content/applied-modal-logic/temporal-logic/introduction.tex	be74c82aee1d39568b832855abd0ca0bcadaefa752d0db811e2757ff26ec3d5b	2751	complete
OLP-0478	478	9620cc73f9c8e0ad003c514a5d3748f29611c4c0	content/applied-modal-logic/temporal-logic/temporal-logic-semantics.tex	a19bba5d1553ac0da8957d76ddf35ed446d2a6e272e353d7afed799bf30cb9c9	5419	locale/tr/content/applied-modal-logic/temporal-logic/temporal-logic-semantics.tex	f1a198f52b0d5e0f365d68bf3d71f32f620e3813a0f99ce622f040ed0ca07f1e	6215	complete
OLP-0479	479	9620cc73f9c8e0ad003c514a5d3748f29611c4c0	content/applied-modal-logic/temporal-logic/properties-accessibility.tex	202de38cfbdd9ea55dcfe80c25651bcd40e7a238337a530b4227d357f32dbb31	2459	locale/tr/content/applied-modal-logic/temporal-logic/properties-accessibility.tex	8ba69893a69efaf7ef379821eca6dd4f6c7d941341e1626baadb6a99d6a4d5f5	2513	complete
OLP-0480	480	9620cc73f9c8e0ad003c514a5d3748f29611c4c0	content/applied-modal-logic/temporal-logic/extra-temporal-operators.tex	65bfca4a9ad6ff771149a267e0850f2c8aad73c96a48ca86339312c69cf28604	1652	locale/tr/content/applied-modal-logic/temporal-logic/extra-temporal-operators.tex	fca87cf9e640a444ddb9ed659541ef2d63e252405b5a4159c137413a62852bd0	1643	complete
OLP-0481	481	9620cc73f9c8e0ad003c514a5d3748f29611c4c0	content/applied-modal-logic/temporal-logic/possible-histories.tex	3a5d0f0f6639f30f41cb2d4214c957504d174d253a8fe6faaa5c3798f2facf2b	3487	locale/tr/content/applied-modal-logic/temporal-logic/possible-histories.tex	cafdd86fbeaa6a347731a4ee9c6f37825e3c03b6a200e196d23cd85bd5a1d281	3783	complete
OLP-0482	482	9620cc73f9c8e0ad003c514a5d3748f29611c4c0	content/applied-modal-logic/epistemic-logic/epistemic-logic.tex	5e9d6f04523eec2e5823238e246f5c2091fc0a36644ac3741ed1571a5d3b014c	791	locale/tr/content/applied-modal-logic/epistemic-logic/epistemic-logic.tex	c838a5bcf67b8be952855985cf9f0787294627e295ae76d30e3b8f0fb33a0630	929	complete
OLP-0483	483	9620cc73f9c8e0ad003c514a5d3748f29611c4c0	content/applied-modal-logic/epistemic-logic/introduction.tex	8771ed657ab24531e8693089adafc736c301192bcff03b4f53dc596afb3a318e	2048	locale/tr/content/applied-modal-logic/epistemic-logic/introduction.tex	afb62287a0bc90487ece91421a39e2fa8fc7e7288d5bb0cd7c4875ed25eec514	2315	complete
OLP-0484	484	9620cc73f9c8e0ad003c514a5d3748f29611c4c0	content/applied-modal-logic/epistemic-logic/language-epistemic-logic.tex	832931542ab74e91167af68186f69c447200fbc3072a2943f05a9bebc34d3dbe	3231	locale/tr/content/applied-modal-logic/epistemic-logic/language-epistemic-logic.tex	07d3a5e61d425e5485bbf0c9118981f9cbb672b8fe7524ea5fbb552aff3818c1	3153	complete
OLP-0485	485	9620cc73f9c8e0ad003c514a5d3748f29611c4c0	content/applied-modal-logic/epistemic-logic/relational-models.tex	2ddcdcac88f10c6acda13986fe198ead98c80a307450499833945fe89826b0a2	2061	locale/tr/content/applied-modal-logic/epistemic-logic/relational-models.tex	96eb6f6508a66462f6b035c12b7113cc0656c71e438f91f6d85f6f19e9129042	2418	complete
OLP-0486	486	9620cc73f9c8e0ad003c514a5d3748f29611c4c0	content/applied-modal-logic/epistemic-logic/truth-at-w.tex	61cb128ebc89ac2765431783810aed843c0872b6e06839b4244ad18111f48dbb	5065	locale/tr/content/applied-modal-logic/epistemic-logic/truth-at-w.tex	21900f3eb704ae4714c2563e3e258581d023e39ec2ff9a187de053e5b7431bef	5534	complete
OLP-0487	487	9620cc73f9c8e0ad003c514a5d3748f29611c4c0	content/applied-modal-logic/epistemic-logic/properties-accessibility.tex	d368726af3967552ecfe660e9151cf29d60d41da5af58a5d4a625bd577e3310a	3337	locale/tr/content/applied-modal-logic/epistemic-logic/properties-accessibility.tex	86197b27cc1b3afbaf41eea22e0e14c4f87b10771428129a49b03e612def6a6d	3346	complete
OLP-0488	488	9620cc73f9c8e0ad003c514a5d3748f29611c4c0	content/applied-modal-logic/epistemic-logic/bisimulations.tex	d350f9e32fa4ff1681662fd634591c1f05eb369dde6779e0ecb81cc2d5e13641	4206	locale/tr/content/applied-modal-logic/epistemic-logic/bisimulations.tex	03213a74cb635c7038b335b30c1fef2daf35902ad70a37ac26b4144d9f7452d0	4397	complete
OLP-0489	489	9620cc73f9c8e0ad003c514a5d3748f29611c4c0	content/applied-modal-logic/epistemic-logic/public-announcement-logic-lang.tex	40a35caaa740f576e6192564fb1906090d5a9dedc0d89a9c47f9be6e0d235ceb	3062	locale/tr/content/applied-modal-logic/epistemic-logic/public-announcement-logic-lang.tex	55894b0c7775a012bb0eeb56a60dce7612bf51a5ebd5d5dae4bf19bd40395e65	3543	complete
OLP-0490	490	9620cc73f9c8e0ad003c514a5d3748f29611c4c0	content/applied-modal-logic/epistemic-logic/public-announcement-logic-semantics.tex	a41c3518a6fbf6efb2ef00d6d42d37472dc117013df751d78d985d80469baee0	5842	locale/tr/content/applied-modal-logic/epistemic-logic/public-announcement-logic-semantics.tex	49ab2e54dbad3d80cd45e720e3690865aa9edeccd170be9f01c19ea6c6fcd669	6813	complete
OLP-0491	491	9620cc73f9c8e0ad003c514a5d3748f29611c4c0	content/intuitionistic-logic/intuitionistic-logic.tex	792dd6ea7e00ce89e6f8bddec8402783ede177d7fe6e4aea2f0d9daa34c25050	353	locale/tr/content/intuitionistic-logic/intuitionistic-logic.tex	3d8dfaf39ea186222f685a08f75fcdceb8b0ff39f8921dd2895d80bf4afcc79a	333	complete
OLP-0492	492	9620cc73f9c8e0ad003c514a5d3748f29611c4c0	content/intuitionistic-logic/introduction/introduction.tex	c4ab088d9971d886cc71ee0775849d9ef76ba8d33d08377ca1231b33ef4bfcdf	378	locale/tr/content/intuitionistic-logic/introduction/introduction.tex	f961b7e114da4c416f08d4b3e0393f724a4e07e832d7bb74f2fe1214774875d6	353	complete
OLP-0493	493	9620cc73f9c8e0ad003c514a5d3748f29611c4c0	content/intuitionistic-logic/introduction/constructive-reasoning.tex	cbd1823c3841f569dd1c77a92da6072579b93ae7d9da89dcc8c6b681dff3d383	4286	locale/tr/content/intuitionistic-logic/introduction/constructive-reasoning.tex	f511bf7e018068c84005e4245a11a5e02c6c6ee467dc3db6ae95b9f958b8499d	4351	complete
OLP-0494	494	9620cc73f9c8e0ad003c514a5d3748f29611c4c0	content/intuitionistic-logic/introduction/syntax.tex	cce052537333228e96694ff7d88d44d983d3d051d6382419cf2dfb8618638d20	2767	locale/tr/content/intuitionistic-logic/introduction/syntax.tex	961545f76304c5c744a3a84800760460304ab250113da5552d73bfbd355ac105	2837	complete
OLP-0495	495	9620cc73f9c8e0ad003c514a5d3748f29611c4c0	content/intuitionistic-logic/introduction/bhk-interpretation.tex	65d9400a12dbea107a30f52435c642448a88e796e3dc6d5929e4a3a46209993b	7881	locale/tr/content/intuitionistic-logic/introduction/bhk-interpretation.tex	bab419e358a429d312803931823a1f79836d0ab5a33956bade973b4721aaa490	8624	complete
OLP-0496	496	9620cc73f9c8e0ad003c514a5d3748f29611c4c0	content/intuitionistic-logic/introduction/natural-deduction.tex	ea21debccb1eb7c0cd694d8f1a44b26cc60933b041ecc9fb63d028c017baff93	8644	locale/tr/content/intuitionistic-logic/introduction/natural-deduction.tex	5cba42ee33a3f7fdd5db9baf0df435a587c363dbfe8701b2c8a731713625dc2a	8945	complete
OLP-0497	497	9620cc73f9c8e0ad003c514a5d3748f29611c4c0	content/intuitionistic-logic/introduction/axiomatic-derivations.tex	d07d3e6bb6c45c75f0a94d1b7e46efd1cfd7dfeef44f4c8fc07361939872db2b	2499	locale/tr/content/intuitionistic-logic/introduction/axiomatic-derivations.tex	264f90efa2484e319c49676c6e129a9fed4d6a36696d78af63aabf42aed66944	2541	complete
OLP-0498	498	9620cc73f9c8e0ad003c514a5d3748f29611c4c0	content/intuitionistic-logic/semantics/semantics.tex	f8e6ddcce0a8cd8c728fc2c080c4f9290a3512eb79abd3c205cd38548e6b05a3	618	locale/tr/content/intuitionistic-logic/semantics/semantics.tex	12ed0027d4320df7e3585b49d12793ea4a0a07a49552d5eaf8f0d133b892062e	668	complete
OLP-0499	499	9620cc73f9c8e0ad003c514a5d3748f29611c4c0	content/intuitionistic-logic/semantics/introduction.tex	cc25fce6b185a9b406b156bcaca5f097e2b09b629092cfc2f803d7fdef4a81bc	3541	locale/tr/content/intuitionistic-logic/semantics/introduction.tex	63aea1a3b4dd71cbf3597b32b92f929009e3ba938e2a6273872975d4b508c7e0	3722	complete
OLP-0500	500	9620cc73f9c8e0ad003c514a5d3748f29611c4c0	content/intuitionistic-logic/semantics/relational-models.tex	7bb9be4fdc50b55259d2ef4b2b1f5ac84432bed84d4c442097dc2327adee63e2	2636	locale/tr/content/intuitionistic-logic/semantics/relational-models.tex	93055865f65407b3b62ec89cb1d5968e88fb3bf7451bc54fd9e01670b3a26fda	2834	complete
OLP-0501	501	9620cc73f9c8e0ad003c514a5d3748f29611c4c0	content/intuitionistic-logic/semantics/semantic-notions.tex	8fc3f75d83f575678fe70e461aa68cd26f4bdef975b9f62f2156c2243b715b7f	2311	locale/tr/content/intuitionistic-logic/semantics/semantic-notions.tex	b96b397fd096829174e1fb9beaba77d6793c0a3e26ad106a43f69db7dd80e246	2513	complete
OLP-0502	502	9620cc73f9c8e0ad003c514a5d3748f29611c4c0	content/intuitionistic-logic/semantics/topological-semantics.tex	3078580dcb65b948d24f6f4340b10b5ebf7e29eb1abe8387a6c41effec581fe1	4254	locale/tr/content/intuitionistic-logic/semantics/topological-semantics.tex	3d3715be17a191bb0fafe645eb770592406952ee1b489e3e8d93d677def129da	4596	complete
OLP-0503	503	9620cc73f9c8e0ad003c514a5d3748f29611c4c0	content/intuitionistic-logic/soundness-completeness/soundness-completeness.tex	f130188a9d189c8f5c860543dbe27ab46311c4e205533ef12064a9370569b726	710	locale/tr/content/intuitionistic-logic/soundness-completeness/soundness-completeness.tex	b6bb814f8928f51b4dc81df21c574a3e91d122c71bb4761289882661a275d505	706	complete
OLP-0504	504	9620cc73f9c8e0ad003c514a5d3748f29611c4c0	content/intuitionistic-logic/soundness-completeness/soundness-axd.tex	c098b162be9c90f34df44e95295f67035e2e90a3371ed21c0d3ccc5aef4d54e6	2336	locale/tr/content/intuitionistic-logic/soundness-completeness/soundness-axd.tex	d5514c76d57e89644d9fc2a4a98f32ef51fe496dd98b094ad07bf6b2fe701bdb	2409	complete
OLP-0505	505	9620cc73f9c8e0ad003c514a5d3748f29611c4c0	content/intuitionistic-logic/soundness-completeness/soundness-nd.tex	980a33d9bb02f5b61c2e2e345fac6c86f6943984cde99eb504e1685927c98de9	7460	locale/tr/content/intuitionistic-logic/soundness-completeness/soundness-nd.tex	132df3c8fdcafe6096df481549497a7bf6aad456f6ba61ec51f673d095dbca04	7694	complete
OLP-0506	506	9620cc73f9c8e0ad003c514a5d3748f29611c4c0	content/intuitionistic-logic/soundness-completeness/lindenbaum.tex	ff9909c36e376dd22f5e0c3267081dae3d0ca453d59cb8e87cb942e894c7bd77	6624	locale/tr/content/intuitionistic-logic/soundness-completeness/lindenbaum.tex	57c16d673d13e28c076d168382cfd440e8e3ddfd4cbacfe21ae0e968fa1549e1	6919	complete
OLP-0507	507	9620cc73f9c8e0ad003c514a5d3748f29611c4c0	content/intuitionistic-logic/soundness-completeness/canonical-model.tex	98e97822db2c920aa5e908f233ff1335995e2ddf265be315d8d3e2843f24182c	2583	locale/tr/content/intuitionistic-logic/soundness-completeness/canonical-model.tex	29431a4adde5b9625d08d9fadc2f414ed4571bcde3d9f97599af6c9d4a520533	2698	complete
OLP-0508	508	9620cc73f9c8e0ad003c514a5d3748f29611c4c0	content/intuitionistic-logic/soundness-completeness/truth-lemma.tex	806055576b4e9617fe36eb669231381dac5c5b8a7eef98ece5b350b639fefaea	3217	locale/tr/content/intuitionistic-logic/soundness-completeness/truth-lemma.tex	c1eb96b300c1f86d0e452eaf4e369dcae1f32efcb476c0282adaeb62ba9701e1	3149	complete
OLP-0509	509	9620cc73f9c8e0ad003c514a5d3748f29611c4c0	content/intuitionistic-logic/soundness-completeness/completeness-thm.tex	69539adf0a8b6d121ba810f2a1779191b382f96d874a9cb256aedfcc78ba5a65	1678	locale/tr/content/intuitionistic-logic/soundness-completeness/completeness-thm.tex	645318e0b6992c1845b3611bcf79954ac36be51f7e3438c1b35d84cab13adec7	1690	complete
OLP-0510	510	9620cc73f9c8e0ad003c514a5d3748f29611c4c0	content/intuitionistic-logic/soundness-completeness/decidability.tex	876f8ec6c5ebc2f8589ef6d9f31fb2e4976b0c09f7dae3c47dd872fe8c8e9cb2	1759	locale/tr/content/intuitionistic-logic/soundness-completeness/decidability.tex	3d9df2adf4e1d55c936c1515b8560b11b792aeddb037a05d44ac6a270398a5b5	2992	complete
OLP-0511	511	9620cc73f9c8e0ad003c514a5d3748f29611c4c0	content/intuitionistic-logic/tableaux/tableaux.tex	8f7eddd5ebaac84f329f186e68f83b98668940935893bcfdf2fe7c8b4ee1bcc9	625	locale/tr/content/intuitionistic-logic/tableaux/tableaux.tex	5ca8b52139f21f4ed13413b950aceb0677f929dd9463a9d5d14aebbb60419a9a	654	complete
OLP-0512	512	9620cc73f9c8e0ad003c514a5d3748f29611c4c0	content/intuitionistic-logic/tableaux/introduction.tex	a154a373bb89fcbee83ddc4ebb71f180293ec9084b76dcd3524205fe339c0f59	3007	locale/tr/content/intuitionistic-logic/tableaux/introduction.tex	ea10c3b001f05b2a3940740941b506b8fd2ee0b3eda8e7526ec053f3037b4190	3155	complete
OLP-0513	513	9620cc73f9c8e0ad003c514a5d3748f29611c4c0	content/intuitionistic-logic/tableaux/rules.tex	0481c2158cc439e61b9ec7c95ecdba761045da55886db862cdf2425d05d1e715	5285	locale/tr/content/intuitionistic-logic/tableaux/rules.tex	ed47af720d97067d2631b7e3290f9e67d6fe9e3522ad7c8ddf1b8b1f0fec23ae	5271	complete
OLP-0514	514	9620cc73f9c8e0ad003c514a5d3748f29611c4c0	content/intuitionistic-logic/tableaux/proofs.tex	10d9d4cd6d2ad3aa846946cffbc30ae21a0007ecc86a9e7863a2854460c79f39	1890	locale/tr/content/intuitionistic-logic/tableaux/proofs.tex	8156235b826418c336b8cd7e19d09c7efeea181aa77dd7a14beb85150da62ccf	1854	complete
OLP-0515	515	9620cc73f9c8e0ad003c514a5d3748f29611c4c0	content/intuitionistic-logic/tableaux/soundness.tex	1961509cba1d253f52f6b490b934912b5c5e8c77e0b9e41d0e164922911ec41e	10031	locale/tr/content/intuitionistic-logic/tableaux/soundness.tex	92e8f5639aace3398a1130f844e54841620e0ad932346bf70b8aa6636bef2ea7	10234	complete
OLP-0516	516	9620cc73f9c8e0ad003c514a5d3748f29611c4c0	content/counterfactuals/counterfactuals.tex	5dbd266013ebcb57f350f7c6a5485f2758e25016aa0f057bb06660bac4fedbe9	281	locale/tr/content/counterfactuals/counterfactuals.tex	76bee26101452941f95cfb47c81ae6364390bdde0a0212fc82de3dca9f3ab749	270	complete
OLP-0517	517	9620cc73f9c8e0ad003c514a5d3748f29611c4c0	content/counterfactuals/introduction/introduction.tex	1667c115e826177f9b4381db7ba35fd1a69447a972962acd7267378f324a181e	345	locale/tr/content/counterfactuals/introduction/introduction.tex	39c7a2e33487401df209da6bacfe5d070f80a8670a94be0c113ca9af3829d8f8	321	complete
OLP-0518	518	9620cc73f9c8e0ad003c514a5d3748f29611c4c0	content/counterfactuals/introduction/material-conditional.tex	7addc0caaa159238e22de165e0375a276b7fcb5d8be789a63daa22eaba5a6b76	3184	locale/tr/content/counterfactuals/introduction/material-conditional.tex	aaaf08bf0567b4a439aa5b7913cfc37678ae0e202fdb5cac334b32fc6c3642ae	3134	complete
OLP-0519	519	9620cc73f9c8e0ad003c514a5d3748f29611c4c0	content/counterfactuals/introduction/paradoxes-material.tex	d75d1f0b2c77259206ab1948473115b609152a36d81bd43b71cae87e45bc4c3b	2454	locale/tr/content/counterfactuals/introduction/paradoxes-material.tex	98257cf6896a09ce3a2b6346e0f6a0f989ca8128ca56465ee970887d5402035d	2590	complete
OLP-0520	520	9620cc73f9c8e0ad003c514a5d3748f29611c4c0	content/counterfactuals/introduction/strict-conditional.tex	d7161a0cc90eb727ddcb99de1f20d04a13cd0c34c1813d6ff12a1ecbf41c4c34	4576	locale/tr/content/counterfactuals/introduction/strict-conditional.tex	ac6e2a844094341476745883db2359ebf0717aa8a63f31bf73b5435baa2da91c	4585	complete
OLP-0521	521	9620cc73f9c8e0ad003c514a5d3748f29611c4c0	content/counterfactuals/introduction/counterfactuals.tex	20de6e9cc105e205958b4abb362b888c56d20609d88ecac96b3864f82059d748	4171	locale/tr/content/counterfactuals/introduction/counterfactuals.tex	e97032bca1d5783151ab97ae9c68c9711ba6f0379752508ed5a7d1b633e24637	4113	complete
OLP-0522	522	9620cc73f9c8e0ad003c514a5d3748f29611c4c0	content/counterfactuals/minimal-change-semantics/minimal-change-semantics.tex	f2ad4262465a16344451aa261c436f8f2c3cf8a0481c2016aa9a8f0b22f1daee	413	locale/tr/content/counterfactuals/minimal-change-semantics/minimal-change-semantics.tex	fd3f0373eb7da6fed2a49c3d1a082b96c822f06f37fcd748195a26f578ffa64b	393	complete
OLP-0523	523	9620cc73f9c8e0ad003c514a5d3748f29611c4c0	content/counterfactuals/minimal-change-semantics/introduction.tex	bd79d8fa12d43ef404edd3268935d99446e2922f240437a705074700f482ca9d	3365	locale/tr/content/counterfactuals/minimal-change-semantics/introduction.tex	4df0f1e514b969a26684b3bb78370ff33e3c8b8fe4cbda8486fd9fc902ff52cc	3332	complete
OLP-0524	524	9620cc73f9c8e0ad003c514a5d3748f29611c4c0	content/counterfactuals/minimal-change-semantics/sphere-models.tex	333280dba059087e245770e7a8fae001bda0ed63ca91077c41aae401d28c5ed6	4834	locale/tr/content/counterfactuals/minimal-change-semantics/sphere-models.tex	bfc7ad1d11d3bbf7921a55117dc2de1bd8d7616a0e04a7fcaf905031b5e9d0e8	5016	complete
OLP-0525	525	9620cc73f9c8e0ad003c514a5d3748f29611c4c0	content/counterfactuals/minimal-change-semantics/true-false.tex	37483de6242c07808fa9148cfb737f59c9177bb7ede484b6b5e30a6dead2e4a2	3758	locale/tr/content/counterfactuals/minimal-change-semantics/true-false.tex	4d7d6c7eddb1d83b90e63aab3c2f0a2ebc99559e47fec3ed7fd47e65df85b9a8	3810	complete
OLP-0526	526	9620cc73f9c8e0ad003c514a5d3748f29611c4c0	content/counterfactuals/minimal-change-semantics/antecedent-strengthening.tex	925fbba079157d175979dd48087562767fe501828cf7c03bbee892a3f07e6bbd	2718	locale/tr/content/counterfactuals/minimal-change-semantics/antecedent-strengthening.tex	7811170338b6ff42eff076d6c6f95750e8741d8b447474c556b9b14c2447c3d7	2558	complete
OLP-0527	527	9620cc73f9c8e0ad003c514a5d3748f29611c4c0	content/counterfactuals/minimal-change-semantics/transitivity.tex	21f925395bcf6a63cb7f6e3241ed3aba231a0d80d03a602f21296d0b09e9342a	3683	locale/tr/content/counterfactuals/minimal-change-semantics/transitivity.tex	3f5071a245bc8319a29d7a2bd15c966fa484f39b22630fe45f093d568546902b	3465	complete
OLP-0528	528	9620cc73f9c8e0ad003c514a5d3748f29611c4c0	content/counterfactuals/minimal-change-semantics/contraposition.tex	8ab8545a49a4e08b79bfd89ad3a11c7302a6cbc5fc9d1181feb0da59ad05c8a4	2409	locale/tr/content/counterfactuals/minimal-change-semantics/contraposition.tex	5bc408b880526c7bd57bb1faed871acc13c9e978c2d3349cbe7f6c748bed861d	2417	complete
OLP-0529	529	9620cc73f9c8e0ad003c514a5d3748f29611c4c0	content/set-theory/set-theory.tex	c80ddaf36848c1f5df3bf8643d7b1170dcbc9020cc80a172b3112cb9adba11c2	428	locale/tr/content/set-theory/set-theory.tex	43c312391561199911fa9c7816a6a47560e3ee31c9e0355ab1a8f4623b949253	418	complete
OLP-0530	530	9620cc73f9c8e0ad003c514a5d3748f29611c4c0	content/set-theory/story/story.tex	46bf28e1370ba921b6faea67256f661bb1802b095941f909c03cb643efcf5019	362	locale/tr/content/set-theory/story/story.tex	f5c278a5303f1d7fa44195588fdc70992fdab6767565ba0e6b9135ac0e0248c5	354	complete
OLP-0531	531	9620cc73f9c8e0ad003c514a5d3748f29611c4c0	content/set-theory/story/extensionality.tex	d70f6b437cb7f29b4e9ef5bcc1ab66c3021ea6f57d1b2fdf5aaea5b51bdb81c9	1271	locale/tr/content/set-theory/story/extensionality.tex	7b02e525658e86ac01e31e346b40304cba9e754b4cf8fd17835df788139242a6	1317	complete
OLP-0532	532	9620cc73f9c8e0ad003c514a5d3748f29611c4c0	content/set-theory/story/russells-paradox-again.tex	c468df1becf253ceb2c82540f2ec7e5112fa07bf649119e120184b4593f23b7d	3092	locale/tr/content/set-theory/story/russells-paradox-again.tex	6f9043278e49bdf808600ea9b70945ef7a132ba4947f3f752aab1969e4e39a23	3159	complete
OLP-0533	533	9620cc73f9c8e0ad003c514a5d3748f29611c4c0	content/set-theory/story/predicativity.tex	c5cedcd2a3116e12338c7eb16e4704c2b9bb1eb6c93d9754585dbe8ba45912aa	5441	locale/tr/content/set-theory/story/predicativity.tex	f82d53fc455639e0456e0588159abd404d0463a07a1ccdafb1b892d176e13abe	5491	complete
OLP-0534	534	9620cc73f9c8e0ad003c514a5d3748f29611c4c0	content/set-theory/story/cumulative-approach.tex	86099ec03bf39142ceb2d76826a796a91731caa5eae0cd35d74b6c1a7fe2f798	5055	locale/tr/content/set-theory/story/cumulative-approach.tex	f83e7ce4daa29e330a7c0a74535a4de97868fdd60960f25fe7e4cb6dab6848ce	5168	complete
OLP-0535	535	9620cc73f9c8e0ad003c514a5d3748f29611c4c0	content/set-theory/story/urelements.tex	61419cd0dbc03cdf569c7350b028da4daac493e5815f8bf43381544758587b31	3780	locale/tr/content/set-theory/story/urelements.tex	b1fcb6b62408eba237616720ce2b2b38a2398702ef0f20617bfc22b9badbd6e7	3832	complete
OLP-0536	536	9620cc73f9c8e0ad003c514a5d3748f29611c4c0	content/set-theory/story/grundgesetze.tex	d5b70cb63a142ee49c968e41a593dd7c6131d35817afcc6fda2321fa07162cd5	2767	locale/tr/content/set-theory/story/grundgesetze.tex	86129d52b6d81b78c30ddf93d4765a7cef0b52712495e31f4530798453237055	2869	complete
OLP-0537	537	9620cc73f9c8e0ad003c514a5d3748f29611c4c0	content/set-theory/z/z.tex	ddf31239f65871a55a15098fecaa3f710e5108f4dab62771cfe2229c2eecf807	392	locale/tr/content/set-theory/z/z.tex	1569bcef94cfc01769b7180877290fe9e015def0f74fad273975277f9dc16449	381	complete
OLP-0538	538	9620cc73f9c8e0ad003c514a5d3748f29611c4c0	content/set-theory/z/story.tex	675bc77160d15d826fc2960c15764275f12e8ef2450e121d6f34981d7af64a99	1611	locale/tr/content/set-theory/z/story.tex	44681b8d549b9765efcf52a439da81644735fb3ad0e65569214618c669c76537	1697	complete
OLP-0539	539	9620cc73f9c8e0ad003c514a5d3748f29611c4c0	content/set-theory/z/separation.tex	5e4a9611823aa454b51908d88aa15f3fd4ee41af84f847a98e1c8a003a9b7a0b	4310	locale/tr/content/set-theory/z/separation.tex	1d33e36d97275906cd043198ad2aee3555db0af35b8c2994d72a4a82ab6bc2dd	4633	complete
OLP-0540	540	9620cc73f9c8e0ad003c514a5d3748f29611c4c0	content/set-theory/z/union.tex	5cd50b70d0d606fa557040cfa94f3b34303bd1f5ac56c1ed03cb23ed4520fdc4	922	locale/tr/content/set-theory/z/union.tex	6c29411295654f188e6ef1cc4435e1d21fe61d9c1bc375b0c98031e4745a5986	1037	complete
OLP-0541	541	9620cc73f9c8e0ad003c514a5d3748f29611c4c0	content/set-theory/z/pairs.tex	6e386f6c7bb1e2a08dd198e5ad421083df93eb4273efa9370d92b5432d11843f	2590	locale/tr/content/set-theory/z/pairs.tex	cc96c99b3b4465a70bb7bdbab4af341528d4254d3f85406301b8fa5f852e3ccc	2681	complete
OLP-0542	542	9620cc73f9c8e0ad003c514a5d3748f29611c4c0	content/set-theory/z/powerset.tex	e4189963f1fa098226ec3ae72a660f56882350d3d8be819b6c5232663261e722	2221	locale/tr/content/set-theory/z/powerset.tex	d21d1696ea1cd88568be06f6d2355bffb22749fe055ae727f238280822091c1a	2445	complete
OLP-0543	543	9620cc73f9c8e0ad003c514a5d3748f29611c4c0	content/set-theory/z/infinity-again.tex	29267a484b8628ec7cafd50d87dac4a0f6650914c625dec7dd06ac0e79aa3f91	6335	locale/tr/content/set-theory/z/infinity-again.tex	66d1788900c1e2e61d4f348d0345a577380c09a8694b53440a5aabdbe5adae53	6573	complete
OLP-0544	544	9620cc73f9c8e0ad003c514a5d3748f29611c4c0	content/set-theory/z/milestone.tex	15127543e5463e6dc278ab5cb43c4127fe55a54696e9b076d77c053608a5ff40	1360	locale/tr/content/set-theory/z/milestone.tex	13db357fbd767dc2dfd80e56b38b70181b0bca2fab4d9020598771a456360b0f	1423	complete
OLP-0545	545	9620cc73f9c8e0ad003c514a5d3748f29611c4c0	content/set-theory/z/nat.tex	33f3b77912ba9c7217893e6a0e9f59c16b2ca51e5b0652f99850bed6aeb8f12c	2773	locale/tr/content/set-theory/z/nat.tex	862442271eae098b11cfc41c201834fdc698d57858bb98cb7b35e62eebe20d1a	2835	complete
OLP-0546	546	9620cc73f9c8e0ad003c514a5d3748f29611c4c0	content/set-theory/z/arbintersections.tex	866857905e11e5f329a248326ba04ba14f293b388bd8e3573caaf05fb2b7d56d	2979	locale/tr/content/set-theory/z/arbintersections.tex	d93fe31623e3a6c8d16c0d27a96465c3d0d516d97b68aa24ab9f388959d580f0	3114	complete
OLP-0547	547	9620cc73f9c8e0ad003c514a5d3748f29611c4c0	content/set-theory/ordinals/ordinals.tex	3d6d008e92ebe4566a0a4b90857b224aae85c637e8fc8f87457a2e6202247bf3	370	locale/tr/content/set-theory/ordinals/ordinals.tex	334f0b682fc20abbe6f95238133767a7e7b8ab908276ebfd9a9d333c80a51646	362	complete
OLP-0548	548	9620cc73f9c8e0ad003c514a5d3748f29611c4c0	content/set-theory/ordinals/introduction.tex	9db6acb08fc7abc9fe527932e10e04bfc71e548e642c624e824aaa2f041dc50c	1106	locale/tr/content/set-theory/ordinals/introduction.tex	31d7cd01ebe14d614e46ea1388500279d1ccac22fbacc5d2a5987e7d8ee49011	1121	complete
OLP-0549	549	9620cc73f9c8e0ad003c514a5d3748f29611c4c0	content/set-theory/ordinals/idea.tex	69629365d22ecab6b74fa4d3896d24ad71371c5f9c079fc79ac18f4655c63c11	2384	locale/tr/content/set-theory/ordinals/idea.tex	7ed22c1b9ebe8710d9b2f1f9fd22b1dd71d03ecac09c5912232176d88bddac28	2422	complete
OLP-0550	550	9620cc73f9c8e0ad003c514a5d3748f29611c4c0	content/set-theory/ordinals/wo.tex	31ff99cf24d9c18e905626855bdb8c9bfeb7c2a5c2814387a6c36ccf54df0313	2511	locale/tr/content/set-theory/ordinals/wo.tex	765714a619fa93d2e81f2d8c0dced4a0b6c80addba418ceaa80de850475063ab	2662	complete
OLP-0551	551	9620cc73f9c8e0ad003c514a5d3748f29611c4c0	content/set-theory/ordinals/iso.tex	eb57a72aed6e4ff2398fe8d9c52239c79d2578df37c5e4bb891568381a41cb39	6759	locale/tr/content/set-theory/ordinals/iso.tex	171699dd7038ad53e23549b5dd9f481ff6b0e35479a890fde47d8234393d1c3a	7094	complete
OLP-0552	552	9620cc73f9c8e0ad003c514a5d3748f29611c4c0	content/set-theory/ordinals/vn.tex	1a1ffe53bdfd51d0ee3ad7a818981d6cc2b54405c92a219a4295fa48b1393529	2730	locale/tr/content/set-theory/ordinals/vn.tex	eb02c5e1864d1a14403b2c0d13ea56670a0409e97457200c831f35bda934ed54	2837	complete
OLP-0553	553	9620cc73f9c8e0ad003c514a5d3748f29611c4c0	content/set-theory/ordinals/basic.tex	7a9d1d198227e2de1a2af719417ae7d81ffc2c727e6da7d992b194f44a7f19c1	8434	locale/tr/content/set-theory/ordinals/basic.tex	0dd3cd1e4f58b134e00318f10117f023724fef1d9629434f4e75373202fe041a	9001	complete
OLP-0554	554	9620cc73f9c8e0ad003c514a5d3748f29611c4c0	content/set-theory/ordinals/replacement.tex	c081b7ac20726b738ce2fb496ad29e836a72883160c847b828582e4de0218523	3453	locale/tr/content/set-theory/ordinals/replacement.tex	6ef0e20a81eeb9d3f3a98b3c8b4d2fcfa239eb1ced7ca1a0e9b721b595907577	3627	complete
OLP-0555	555	9620cc73f9c8e0ad003c514a5d3748f29611c4c0	content/set-theory/ordinals/milestone.tex	3f99ff5c244929fec27396ee3ff21b3b2bb76a56cada018c045a5d5459e6f289	1023	locale/tr/content/set-theory/ordinals/milestone.tex	56692103e9d5bb3b78f082c4f9177918d1240956ff7ed2b3ea69d884589f5193	1143	complete
OLP-0556	556	9620cc73f9c8e0ad003c514a5d3748f29611c4c0	content/set-theory/ordinals/ordtype.tex	9a123198cbfcd0000eb27804a39148d5ee5fb7ad41cf7cff04ad78ea320dfcd6	3273	locale/tr/content/set-theory/ordinals/ordtype.tex	586bba295f9963cea55acd90f7f78fe7a2716937e61be242a2db7ddae6acae19	3477	complete
OLP-0557	557	9620cc73f9c8e0ad003c514a5d3748f29611c4c0	content/set-theory/ordinals/opps.tex	f53aa4197833752c4ecdd3d7755c8e13cdec164fd68d0261dac26290a95cd171	3774	locale/tr/content/set-theory/ordinals/opps.tex	f0ea7b5254514684f085fb9387ace543d42069b49b4726038b2d9480a1a5e324	4067	complete
OLP-0558	558	9620cc73f9c8e0ad003c514a5d3748f29611c4c0	content/set-theory/spine/spine.tex	32d16adc1a044fcba0b5dfe250d9cb82e5f63ecdd15bcc8489599d94dbe77b50	325	locale/tr/content/set-theory/spine/spine.tex	de686f7c14af7501c42ef0fb6b62e10d02870346388e4ae52786c997ac3328f9	316	complete
OLP-0559	559	9620cc73f9c8e0ad003c514a5d3748f29611c4c0	content/set-theory/spine/idea.tex	72e78cfef1d30e6a2e097f398dd5f502654f906c855dc226b9f616947a2b6955	1750	locale/tr/content/set-theory/spine/idea.tex	5b6d5f9e4a0c5d8f064d8bb6b09e408646a30df5be29f6ea13010c93594f4c9d	1849	complete
OLP-0560	560	9620cc73f9c8e0ad003c514a5d3748f29611c4c0	content/set-theory/spine/recursion.tex	e9b5fe7b4ab133bc97d234aabd8dae2412e91bbeeb9c785b4a8112ba1e1a0510	6139	locale/tr/content/set-theory/spine/recursion.tex	0dff6d01220296915054a92c70f9fe78c879a663c848398659212a50aa8f717c	6358	complete
OLP-0561	561	9620cc73f9c8e0ad003c514a5d3748f29611c4c0	content/set-theory/spine/stagesbasics.tex	055948a696b012f7bf5b0a6e9ac39297a0a910f6c17ca9580782e9795e87def6	4444	locale/tr/content/set-theory/spine/stagesbasics.tex	ddef113635251fe34e95a8c579ae639b8c146b8083a784697c44c5ecb16e986c	4800	complete
OLP-0562	562	9620cc73f9c8e0ad003c514a5d3748f29611c4c0	content/set-theory/spine/foundation.tex	18d5d41a2becf13c6d5221d1c3504ea8300d96d85572c8848ed22bfc7ea321a5	4349	locale/tr/content/set-theory/spine/foundation.tex	ca02497f5aab6e0eb89bac42dc66eb4e0be0867bed965f92755871230ca86f4d	4666	complete
OLP-0563	563	9620cc73f9c8e0ad003c514a5d3748f29611c4c0	content/set-theory/spine/zf.tex	94df3fb797ff5d12ce812c586f3dd8211fd7972ebaf25d3363bb135ad7686d73	1969	locale/tr/content/set-theory/spine/zf.tex	ab32bacf50aae11c0809c0897c6512cb1bb91a87693115704fb97ee01d64d660	2106	complete
OLP-0564	564	9620cc73f9c8e0ad003c514a5d3748f29611c4c0	content/set-theory/spine/rank.tex	fa9b9faa09478d4d5d6e510c52a2d5752fa72985db8efaff4a432a0e24d81dd0	5018	locale/tr/content/set-theory/spine/rank.tex	9de11aef8168e1b50a9fd839cc24b35f82590905baf593d345ef0febf7d3079c	5437	complete
OLP-0565	565	9620cc73f9c8e0ad003c514a5d3748f29611c4c0	content/set-theory/replacement/replacement.tex	9b8a0eea8d3b6ccfe4c3ca2658bc31f418daff6744994b7a56e47e44d7784839	395	locale/tr/content/set-theory/replacement/replacement.tex	26530398574e18df89d36b7a05a51374075ccad45856875b9e879e320aa19b19	381	complete
OLP-0566	566	9620cc73f9c8e0ad003c514a5d3748f29611c4c0	content/set-theory/replacement/introduction.tex	f05b94bc04e2c2110bb8ec5147e5c377c7e6908b9b65b1fae22ea62c6f2fa196	1201	locale/tr/content/set-theory/replacement/introduction.tex	b43903968c159cfd03e2339b999ec5c27c9a49fb4184d52284bdbe3a3b1a7e35	1292	complete
OLP-0567	567	9620cc73f9c8e0ad003c514a5d3748f29611c4c0	content/set-theory/replacement/strength.tex	4f3e4108f3ab822b38f880ddcade17b6e270a0f0272d9b0c40e9a9a389911301	2769	locale/tr/content/set-theory/replacement/strength.tex	6f4452193fa5e405a5f68cde82f273725abb4ca4bb8355b2c0f433efef5c0437	3134	complete
OLP-0568	568	9620cc73f9c8e0ad003c514a5d3748f29611c4c0	content/set-theory/replacement/extrinsic.tex	004138bef28268b2a7f9547172634b404d5bcd15716839e7822f4cccc6126c30	5943	locale/tr/content/set-theory/replacement/extrinsic.tex	f82a20ab6d2fe76bf63d7641db6cc61fd7a3ee2bf6f6ca2a8b1b3302385cf74b	6466	complete
OLP-0569	569	9620cc73f9c8e0ad003c514a5d3748f29611c4c0	content/set-theory/replacement/limofsize.tex	579ce35979a90771bcf225ff54b688aa34c19a88bd46fd5b51256f5ab2e68d49	3221	locale/tr/content/set-theory/replacement/limofsize.tex	500c93a999304cecc9f6c78fbb660ed0f949460e3563dbc5a997e47572f9e20d	3656	complete
OLP-0570	570	9620cc73f9c8e0ad003c514a5d3748f29611c4c0	content/set-theory/replacement/absinf.tex	fd6cb8f41f12694c74f9cc52336851f0b04eee98efbcdad5b60300c2de0ebea2	5832	locale/tr/content/set-theory/replacement/absinf.tex	10bb2151cefc70a853484063c77c405b572dee6664901eae2a2e83562518fb8a	6325	complete
OLP-0571	571	9620cc73f9c8e0ad003c514a5d3748f29611c4c0	content/set-theory/replacement/ref.tex	fbdfc9b85a4c276113f81e9a1ba5a20f59930a75175e43a1e11a6d9bee57644e	2075	locale/tr/content/set-theory/replacement/ref.tex	b0e4aec0c868234853a37403ddc70ece9ab1181bd7a78610a16ee4b24003e813	2295	complete
OLP-0572	572	9620cc73f9c8e0ad003c514a5d3748f29611c4c0	content/set-theory/replacement/refproofs.tex	4abcc3ffaeb815555332b98949519f6567b6f0ae857799da8789ec7a3e48e5ff	8051	locale/tr/content/set-theory/replacement/refproofs.tex	b46a5273094b9d48bb380d42d4ea005206af51cc1af5f42a3fb89fa1ec4607eb	9267	complete
OLP-0573	573	9620cc73f9c8e0ad003c514a5d3748f29611c4c0	content/set-theory/replacement/finiteaxiomatizability.tex	52bd181678b672d154c59992f6be199144558fb717349a847ab6646b1accea44	5143	locale/tr/content/set-theory/replacement/finiteaxiomatizability.tex	9a99afe44cc997f15afdd3f9abc96459da6f87a2b1dd9b13441a8c7f188834a5	5563	complete
OLP-0574	574	9620cc73f9c8e0ad003c514a5d3748f29611c4c0	content/set-theory/ord-arithmetic/ord-arithmetic.tex	3444e989471ca24a662c616de80e6c1b2c5cbad814f89bc4132c778e59f6812f	353	locale/tr/content/set-theory/ord-arithmetic/ord-arithmetic.tex	9996a0ae5387122cc8156ed7704b8d6a181b079fbabedb037d163304739185f3	349	complete
OLP-0575	575	9620cc73f9c8e0ad003c514a5d3748f29611c4c0	content/set-theory/ord-arithmetic/introduction.tex	0a366104099a83d5c40566852278f806c0bdea2fbdc8729e6b1d1db38e1637dc	907	locale/tr/content/set-theory/ord-arithmetic/introduction.tex	fb77f1862ccaebd72425e02c47262c7e07d4f306a371ab7035fffe57968e8828	923	complete
OLP-0576	576	9620cc73f9c8e0ad003c514a5d3748f29611c4c0	content/set-theory/ord-arithmetic/addition.tex	e812adca016fb2b68daed98ef2bc27f45e48a57ceeeb27d244ad5c92a453a6e6	9309	locale/tr/content/set-theory/ord-arithmetic/addition.tex	d5a382e7b42b2d3c67bffbb50cd35b55518a3e1c5535ea9d2ed92f7e053d8280	9614	complete
OLP-0577	577	9620cc73f9c8e0ad003c514a5d3748f29611c4c0	content/set-theory/ord-arithmetic/using-addition.tex	9641a137f0347689fad7fc04337f8889991e482c6179513c19a0bfbc619eaff1	4730	locale/tr/content/set-theory/ord-arithmetic/using-addition.tex	b4b9ec7901efe68a16812aaefe3fb641cd3f49102abc61b0de42f37bad4655bd	5173	complete
OLP-0578	578	9620cc73f9c8e0ad003c514a5d3748f29611c4c0	content/set-theory/ord-arithmetic/multiplication.tex	eade2bc67a7dede697f1a89e0359c3ef4a1c52154bbcf4b1b45176f5d3742abb	4066	locale/tr/content/set-theory/ord-arithmetic/multiplication.tex	98b4b648318bed4abb920f034b38a3ab526c050cd76a78e49126eb87619c66d3	4192	complete
OLP-0579	579	9620cc73f9c8e0ad003c514a5d3748f29611c4c0	content/set-theory/ord-arithmetic/exponentiation.tex	965be29d6ab8e9aad3e56b319cc8ddfb3cd212e836092f061198fafb561ae6fc	2721	locale/tr/content/set-theory/ord-arithmetic/exponentiation.tex	dce6d72d6f4dc6634d599a5e91551d4b1e225099b89404e88a43360feeaff261	2901	complete
OLP-0580	580	9620cc73f9c8e0ad003c514a5d3748f29611c4c0	content/set-theory/cardinals/cardinals.tex	ac78463f4fc8fedda04f3c0fddcd4c74d11e9c838194beb7927b55b733008ef5	304	locale/tr/content/set-theory/cardinals/cardinals.tex	71f0d0127f5f8496145c40d16ad445496e9e623d5ff90843992c4b70a203a973	300	complete
OLP-0581	581	9620cc73f9c8e0ad003c514a5d3748f29611c4c0	content/set-theory/cardinals/cp.tex	950307ddcd75e93c0cb6aeaeb8f969f17e519027f1ff3672f433552edd519fae	1893	locale/tr/content/set-theory/cardinals/cp.tex	ca01774fa7ed5443c4e2c8bc8693b623e1315b8f9b39f5d1485d9e6559c83cf6	1984	complete
OLP-0582	582	9620cc73f9c8e0ad003c514a5d3748f29611c4c0	content/set-theory/cardinals/cardsasords.tex	76eb33836f0e2c21be7701b157030b8465ac08daccf532eeb5fa74dc8110100d	6005	locale/tr/content/set-theory/cardinals/cardsasords.tex	aef805bfbaa932467f27e595e490efe16c757f94e44ba3c09648492033f0e1b4	6313	complete
OLP-0583	583	9620cc73f9c8e0ad003c514a5d3748f29611c4c0	content/set-theory/cardinals/milestone.tex	50f4f989834763156b2d27822acd03201532846baa243a8f97d6b3fa299a54fd	1056	locale/tr/content/set-theory/cardinals/milestone.tex	9a850567842d1e532db474b92bc4f49bee79d827e338eab04637f61db033e6c4	1132	complete
OLP-0584	584	9620cc73f9c8e0ad003c514a5d3748f29611c4c0	content/set-theory/cardinals/classing.tex	facf3eb5d19661a660d1c6441f09c0acc909f944253f4c7fe129048f8ea35bc6	7093	locale/tr/content/set-theory/cardinals/classing.tex	1f2194eb690422bc124e70862b4914a1a51a351823fb4bff127b1cdbf156f70e	7455	complete
OLP-0585	585	9620cc73f9c8e0ad003c514a5d3748f29611c4c0	content/set-theory/cardinals/hp.tex	b4c06d8cd04558e99e48c018a170bef91763b86b74ef03b260282ea5eae5b09e	4988	locale/tr/content/set-theory/cardinals/hp.tex	b7f13c3faad19eafcdc07e19560137d09a645e49eb17bf5d7bb0833cb01020f2	5082	complete
OLP-0586	586	9620cc73f9c8e0ad003c514a5d3748f29611c4c0	content/set-theory/card-arithmetic/card-arithmetic.tex	26eb9336173a6c4a121b0ac9b3052123f74dbc187365ff2a9a2cd23e96982423	316	locale/tr/content/set-theory/card-arithmetic/card-arithmetic.tex	76d74c5119c9cc6dc8470a2c6b8a578f087f0298eed257768f4830498e51ea19	305	complete
OLP-0587	587	9620cc73f9c8e0ad003c514a5d3748f29611c4c0	content/set-theory/card-arithmetic/opps.tex	fe59199062c34a36e296a777ee0da52721751686f202735791a472d0a0906872	5892	locale/tr/content/set-theory/card-arithmetic/opps.tex	5a3fe0d2e6b0de2a42862c69fb719e8210e2765d5392a8abdadcf8cc815b543f	6057	complete
OLP-0588	588	9620cc73f9c8e0ad003c514a5d3748f29611c4c0	content/set-theory/card-arithmetic/simp.tex	a606bab065a11c689b655ff8053e3e77894decb42b88e70605a981c129148da0	5779	locale/tr/content/set-theory/card-arithmetic/simp.tex	ddf639086fa86bf0239367f181cf8f3ab34dc025e68a8785cda90f64e5f42561	6083	complete
OLP-0589	589	9620cc73f9c8e0ad003c514a5d3748f29611c4c0	content/set-theory/card-arithmetic/expotough.tex	3c24595966608c406bd3b8f2eec62edc0476017588fee15ec14ba64798b208ec	4360	locale/tr/content/set-theory/card-arithmetic/expotough.tex	0e621cdbccb7592453089ed121d7eeba2c55bcde5c0bad54f026b1c8f7a0aa82	4325	complete
OLP-0590	590	9620cc73f9c8e0ad003c514a5d3748f29611c4c0	content/set-theory/card-arithmetic/ch.tex	b1bdee185ce2a21eeba54cce52ebec13154b54b77a6652820ad4f7ac61e8b212	6837	locale/tr/content/set-theory/card-arithmetic/ch.tex	a1a4acbd0281ee8e355eeab48f456d9d43e0c92f6cd629debdd2add47c22a7a0	7110	complete
OLP-0591	591	9620cc73f9c8e0ad003c514a5d3748f29611c4c0	content/set-theory/card-arithmetic/fix.tex	cc111d7d7472b0e7ef940196977faef0f1b2867feaab0a74843e9d39077f5074	7091	locale/tr/content/set-theory/card-arithmetic/fix.tex	1f7e6808b83c2d872f6c2d097664f598abf37114854348f2f9fb4a4ec99b06cb	7289	complete
OLP-0592	592	9620cc73f9c8e0ad003c514a5d3748f29611c4c0	content/set-theory/choice/choice.tex	bddc53f49700d259464fa1b29d61287f56edb76a85c73239b0c9ce78b2d88e5e	392	locale/tr/content/set-theory/choice/choice.tex	048403c8110e108f8d696b97fc51fe57d012bf5eabdfe1989d7cfc15fcb1f7c2	377	complete
OLP-0593	593	9620cc73f9c8e0ad003c514a5d3748f29611c4c0	content/set-theory/choice/introduction.tex	882c4a2b41ba6d2ddddc357d8522e3b30d02a7e1312786293bc1ce5c03922a4d	605	locale/tr/content/set-theory/choice/introduction.tex	9cd6234c59eaa03c87d035d2ba268c2a5d646be0c4980c3e54d6e8e9db192656	651	complete
OLP-0594	594	9620cc73f9c8e0ad003c514a5d3748f29611c4c0	content/set-theory/choice/tarskiscott.tex	2cf102fa76c9cb3c1080901967626539d8da1aa6dda38dddbbc743ae5e883579	3324	locale/tr/content/set-theory/choice/tarskiscott.tex	bbdb8365da45953c824b154dc2fbe27dcf06edfbaeb690677155cf4b207f0d7c	3557	complete
OLP-0595	595	9620cc73f9c8e0ad003c514a5d3748f29611c4c0	content/set-theory/choice/hartogs.tex	ffe4c3f0a800bd7893a39e68d109ca1eb9662b5f29cda42393cbc5777cf557c4	3605	locale/tr/content/set-theory/choice/hartogs.tex	dc287506474073bd98118333ea093eaba66f69abe0c711bbb8737de5ec820f95	3832	complete
OLP-0596	596	9620cc73f9c8e0ad003c514a5d3748f29611c4c0	content/set-theory/choice/wellorderingproblem.tex	9ca7bb6570d323e7caebb910c975827a9411c1bbe2b4dabd6d41f9ebe2f04fa4	3686	locale/tr/content/set-theory/choice/wellorderingproblem.tex	a64e23b9235c92e58f0c533c953a14c8a78e6e07da9c2e63999e2a9411faee88	4128	complete
OLP-0597	597	9620cc73f9c8e0ad003c514a5d3748f29611c4c0	content/set-theory/choice/countablechoice.tex	37ed80e497f07f2c96db1a56b8573d90a6d8421e119f0bc7a2865fa2f534b994	7098	locale/tr/content/set-theory/choice/countablechoice.tex	c6f1aad97c0572dd52cdbf7d4689984a8dafd41b4253d16bc258a0d8102f16d4	7361	complete
OLP-0598	598	9620cc73f9c8e0ad003c514a5d3748f29611c4c0	content/set-theory/choice/justifications.tex	4ad40cf83f5d5fe896183b2bdeb7c9cb2d3879aeb4b1bb4192607241e95c4ed8	2735	locale/tr/content/set-theory/choice/justifications.tex	d6f2d3ba221734031b5dd93a630f981d1043feb852b13e6498d1a054df65cb10	2977	complete
OLP-0599	599	9620cc73f9c8e0ad003c514a5d3748f29611c4c0	content/set-theory/choice/banach.tex	51f2d8e142b4bccd21bc0aa06330ecff874360d32005b34c415955eaaa24943a	3942	locale/tr/content/set-theory/choice/banach.tex	4bd69da5d9b9b0ad6a68c4f7ad1513f7d15ed0a55103bbfc9f0cb286681373e3	4217	complete
OLP-0600	600	9620cc73f9c8e0ad003c514a5d3748f29611c4c0	content/set-theory/choice/vitali.tex	e9ae48138df4af723de80b69d70d43e2a77f3cc9c0ec680eded3a333c0892b32	12889	locale/tr/content/set-theory/choice/vitali.tex	a649e65084d6edaa2eb32f60de43eb4ed4c54d4909deb9555bf88b0b8f2ac01c	13670	complete
OLP-0601	601	9620cc73f9c8e0ad003c514a5d3748f29611c4c0	content/methods/methods.tex	bed9153f391e0937825c1f86e9d808ef90aa3cb93eb33f0ee1a632a4d13aa2b6	619	locale/tr/content/methods/methods.tex	bc21ff6522e4d75d06d733720df87cef5fb21705f3a413b3e15acd5de9846b2b	677	complete
OLP-0602	602	9620cc73f9c8e0ad003c514a5d3748f29611c4c0	content/methods/proofs/proofs.tex	26a34bb3d34de40ca0d16d8f1b88d156d3c694d1c7c6e9147454fcc5144c65f6	477	locale/tr/content/methods/proofs/proofs.tex	7f4f744089f694a21c5084c498f156c029b3d621808c866b3149ac1be6ee0fe4	452	complete
OLP-0603	603	9620cc73f9c8e0ad003c514a5d3748f29611c4c0	content/methods/proofs/introduction.tex	ae06d0471d8f4c8565a11f9dbd7bb77513f837bb495032b6356cafbaa319ad83	3735	locale/tr/content/methods/proofs/introduction.tex	e01e1ec89f37017185dcbb90e352969767a4fd52a69aeef5252930e4aa82c6cf	4087	complete
OLP-0604	604	9620cc73f9c8e0ad003c514a5d3748f29611c4c0	content/methods/proofs/starting-proofs.tex	84908cb7ef78b1ec62e2ccc41376d5bc039c6e44e1855c386d7b112c69d5ce64	1448	locale/tr/content/methods/proofs/starting-proofs.tex	72f3ba4148cfa6b98a4449dd7dc2b8b6d18875d7a98e43fad9c4e8d3b81cd03d	1493	complete
OLP-0605	605	9620cc73f9c8e0ad003c514a5d3748f29611c4c0	content/methods/proofs/using-definitions.tex	0496b9489f10eb402e2eb91b503c7b522c2e73349e1481ceb9781f2e191a3bce	5369	locale/tr/content/methods/proofs/using-definitions.tex	ef65875cddba10c2061a9f1aa2fd1e2db07e579399a2b7152b5d8c4e6b42805f	5536	complete
OLP-0606	606	9620cc73f9c8e0ad003c514a5d3748f29611c4c0	content/methods/proofs/inference-patterns.tex	dec51f23018334023107ecfaa7a2f31fdf964b2b0cb7aebaeeb4e1688ed6dd31	17286	locale/tr/content/methods/proofs/inference-patterns.tex	43031f1af1414031a6155de15b31a5cde5df2176516bb99d49f335f7ef0c12f3	18846	complete
OLP-0607	607	9620cc73f9c8e0ad003c514a5d3748f29611c4c0	content/methods/proofs/example-1.tex	d9536cc5ffc9bcaa7dee417fe8bbfb1c7f7dc99a5abec3fdf5fd58ea4593922a	7955	locale/tr/content/methods/proofs/example-1.tex	74bfda23700231df91ee499ae36d27fdf908189d421a15ae667c3913b268e309	8629	complete
OLP-0608	608	9620cc73f9c8e0ad003c514a5d3748f29611c4c0	content/methods/proofs/example-2.tex	cbef120cea559b153f4e6b828d2fe7942050d3534e3bb61e642fd467f897aa80	4828	locale/tr/content/methods/proofs/example-2.tex	c38326e7967a1b3d308261c4768edd396e93fcf3cf899fd1f7e9c7fddae9ce72	5171	complete
OLP-0609	609	9620cc73f9c8e0ad003c514a5d3748f29611c4c0	content/methods/proofs/proof-by-contradiction.tex	3eda384520d99069031c01f168564f639980118e7fd145ca105e8092fbe438dd	9908	locale/tr/content/methods/proofs/proof-by-contradiction.tex	5fcae997257290f5185775fa10847694a14f6814163d82c36b0479322cc160fb	11012	complete
OLP-0610	610	9620cc73f9c8e0ad003c514a5d3748f29611c4c0	content/methods/proofs/reading-proofs.tex	e7c40a1f3481f3529d96e136191c8b9c98b27080ddae1a9cec732d0301775670	4996	locale/tr/content/methods/proofs/reading-proofs.tex	c2248be4c0267d5f24148169bc2e61c878c9aef91b8d031f6d382b1b5248e325	5519	complete
OLP-0611	611	9620cc73f9c8e0ad003c514a5d3748f29611c4c0	content/methods/proofs/cant-do-it.tex	47c3b4332e0c28351984e78cba0008e54deb442704710bf7d4f2ffa34e4e6c5e	3042	locale/tr/content/methods/proofs/cant-do-it.tex	820369c562c3f1933686c50db8d35bf918db293b3bb2449795f1edab781ca5af	3389	complete
OLP-0612	612	9620cc73f9c8e0ad003c514a5d3748f29611c4c0	content/methods/proofs/resources.tex	69bf95954428e38a55dfca85aa13d62ba2b9992afa406364da4a0b251d86fa44	1619	locale/tr/content/methods/proofs/resources.tex	edea090ffe94ebcb12bb01ce3cb279b63ce17a7b61ae5fc7a34668d20a5e4a40	1672	complete
OLP-0613	613	9620cc73f9c8e0ad003c514a5d3748f29611c4c0	content/methods/induction/induction.tex	fe221d57ce250433893679a71d00b74fbe41d562d29cd2299e40502df3271b16	381	locale/tr/content/methods/induction/induction.tex	de09a40431d8363508f31264bceb0a7b7192023a8b668de169f10b948e632f30	363	complete
OLP-0614	614	9620cc73f9c8e0ad003c514a5d3748f29611c4c0	content/methods/induction/introduction.tex	7ed230622f1371a6fde2530a9f2037643ee3400ab429c488554f3f3d1a853d59	2327	locale/tr/content/methods/induction/introduction.tex	910c191a435437934ddb997002a1f3f10056c145095d51cbe85725bfc005b5a2	2485	complete
OLP-0615	615	9620cc73f9c8e0ad003c514a5d3748f29611c4c0	content/methods/induction/induction-on-N.tex	3c0d810002766a55df30e29fe1ee6f71aee463a3562fa8590dc43bb7b5b8e072	5965	locale/tr/content/methods/induction/induction-on-N.tex	6a2595a9c5fb75f8249898bf75b07fe751446eba11dcc86257f325c01703ec03	6432	complete
OLP-0616	616	9620cc73f9c8e0ad003c514a5d3748f29611c4c0	content/methods/induction/strong-induction.tex	6bcb6eea209d16b55fcca74181bc548edf6978be7a3b7c48caeb15db712b5eec	2403	locale/tr/content/methods/induction/strong-induction.tex	79e6b1212addf7aa76a2d357bc9ce3fc4a1286747b82d344e62b3f7c480265f7	2620	complete
OLP-0617	617	9620cc73f9c8e0ad003c514a5d3748f29611c4c0	content/methods/induction/inductive-definitions.tex	c9acf225c06feb663a8cc96b505782decfb70d12dd2f76d3cde0627a5b3ea8e1	7003	locale/tr/content/methods/induction/inductive-definitions.tex	5118440e732ab85b3cab101a78db6747a19c8af1d809b1f5f4332737a51db42d	7488	complete
OLP-0618	618	9620cc73f9c8e0ad003c514a5d3748f29611c4c0	content/methods/induction/structural-induction.tex	b4cbd21821127a8c6d55063e229d17e4f3ee74b5208769f317192da94df54428	4589	locale/tr/content/methods/induction/structural-induction.tex	8b77138f8a32a2ecc94502c48925e4c06e1a5adf85534eadc6ddfac70bcca327	5029	complete
OLP-0619	619	9620cc73f9c8e0ad003c514a5d3748f29611c4c0	content/methods/induction/relations.tex	7361c3481d3028c64b48e89a1b784e6cc827acd5aafc7273664ba999a9668c7e	7557	locale/tr/content/methods/induction/relations.tex	0237cf9c879394720bbf1820bf16f8e7d0ed061185c55655d1416dac30c9e32e	8210	complete
OLP-0620	620	9620cc73f9c8e0ad003c514a5d3748f29611c4c0	content/history/history.tex	f259aecdfd4ba07957fd0604ae81411ac215b6312f3c4008e4743636c0e4a06c	233	locale/tr/content/history/history.tex	43142d3ec0ddaf5a29e3c45a9773a6460fe6aa0652b60d1ecb7dcb6ec545f07d	220	complete
OLP-0621	621	9620cc73f9c8e0ad003c514a5d3748f29611c4c0	content/history/biographies/biographies.tex	0edbf5468702cdce37345da1a3bd16e8674e66739b8d2af4aab25d507c9436b0	508	locale/tr/content/history/biographies/biographies.tex	05319d730cacaf581dc4d84465c9f4d2be73a9d3ed19b3080d02479b16d613c7	484	complete
OLP-0622	622	9620cc73f9c8e0ad003c514a5d3748f29611c4c0	content/history/biographies/georg-cantor.tex	bbced7b9e0a88d802138fe1411686d8c8e94d54249eb7d769b5f5b8cec68257a	2026	locale/tr/content/history/biographies/georg-cantor.tex	92c3b927936f9f4dd8454c9da662b3becebb090c2c2a6ebe546b6835dfa18e55	2126	complete
OLP-0623	623	9620cc73f9c8e0ad003c514a5d3748f29611c4c0	content/history/biographies/alonzo-church.tex	3709a815983eed2dc646d935097bc9e738ae4666be71eed90824e5ea8ecbfa53	2354	locale/tr/content/history/biographies/alonzo-church.tex	cbde1802a3e4452693f8261fb9385d0774b3ce41bc12250ab136940a1b60dcb4	2411	complete
OLP-0624	624	9620cc73f9c8e0ad003c514a5d3748f29611c4c0	content/history/biographies/gerhard-gentzen.tex	41ec3f95138582b671a3d9158ad12ddf9199d02ac16b838bb7ebf336b230fd87	3080	locale/tr/content/history/biographies/gerhard-gentzen.tex	3e1d65b1a73182f42b7159f1f4572ab0834aa7a91e118168a38647939281a389	3048	complete
OLP-0625	625	9620cc73f9c8e0ad003c514a5d3748f29611c4c0	content/history/biographies/kurt-goedel.tex	774b6ae4b65b84158c18a0d1592e62253b88f8440456f2003df0111358975529	3719	locale/tr/content/history/biographies/kurt-goedel.tex	c90e983c075007a07e93a7ef3f7f901602160744b029a28ddbedc5ce05ada49c	3848	complete
OLP-0626	626	9620cc73f9c8e0ad003c514a5d3748f29611c4c0	content/history/biographies/emmy-noether.tex	db8ba1078c0380309e686bb69373a26782ec90539880fff48d2cf4e08b89247b	3810	locale/tr/content/history/biographies/emmy-noether.tex	510b8b7d7bb3f26914a4d50db2116c3e2068d81843c59ccb5d2299502f26ba60	3794	complete
OLP-0627	627	9620cc73f9c8e0ad003c514a5d3748f29611c4c0	content/history/biographies/rozsa-peter.tex	7f2a2184f5f6fef0e4b236ca0f55db386e9cdb3c241c6296d4ab4f31deff7955	3756	locale/tr/content/history/biographies/rozsa-peter.tex	7fadb56d64dde9d2b5eb23e50b70512a0cbd618921bf3c975a81b4df65f6d5cf	3896	complete
OLP-0628	628	9620cc73f9c8e0ad003c514a5d3748f29611c4c0	content/history/biographies/julia-robinson.tex	bf33d0298a815add622d73d8c7bab3431eca05379f56a570eb8834fe490b84f0	4861	locale/tr/content/history/biographies/julia-robinson.tex	107067a01aa811b43e399bea71d9de1128178d3d84860b7a15f93ed59d07afdf	4986	complete
OLP-0629	629	9620cc73f9c8e0ad003c514a5d3748f29611c4c0	content/history/biographies/bertrand-russell.tex	26988d38ef22124806835047b5cf8155e76655d11c66a86158a14ed07519c081	3364	locale/tr/content/history/biographies/bertrand-russell.tex	9cc2df8a535c1679b7370d83e2efcd5f545a4c16e22e585b47d720b1cfebd9c0	3515	complete
OLP-0630	630	9620cc73f9c8e0ad003c514a5d3748f29611c4c0	content/history/biographies/alfred-tarski.tex	8203154440eba980439cd72fbbcc3503654c4d023c1eb6721ce9f5120b73895f	2430	locale/tr/content/history/biographies/alfred-tarski.tex	03573461dcab3efcdc77bb809636b7e846789c97cface92d95fbee8e47e691df	2509	complete
OLP-0631	631	9620cc73f9c8e0ad003c514a5d3748f29611c4c0	content/history/biographies/alan-turing.tex	ec91b61db399f1f5f6421f68bb095df943591c0f0d2428f3bedd36059397c1cd	3694	locale/tr/content/history/biographies/alan-turing.tex	c6b203b894c4246da41ce81fecf2bc929fd5900a10d8ff848ee4a24818048b98	3799	complete
OLP-0632	632	9620cc73f9c8e0ad003c514a5d3748f29611c4c0	content/history/biographies/ernst-zermelo.tex	d8bfb0c221d8b32c6afd40006964d1e17c320e08b31ff915b1d2a9feb68c82ce	2703	locale/tr/content/history/biographies/ernst-zermelo.tex	b4d60911ae615959f182125bfb67300249bc4afd65f103a07274dcd20a82318c	2805	complete
OLP-0633	633	9620cc73f9c8e0ad003c514a5d3748f29611c4c0	content/history/set-theory/set-theory.tex	82d3ad3c4515616475879c280ebe41e74667f20f6b5a2a055d5ebfed620ae66c	475	locale/tr/content/history/set-theory/set-theory.tex	5b782607763adc7b88acb92a6eec0621a65b8cc0a16718282433a1750da12320	460	complete
OLP-0634	634	9620cc73f9c8e0ad003c514a5d3748f29611c4c0	content/history/set-theory/infinitesimals.tex	3786a8e92d38becf74effa7b233c16f9bca37d5f6b0ac90d7049e71e77118436	4466	locale/tr/content/history/set-theory/infinitesimals.tex	edb8d6bc9ea9a0741335b536ced86e90e5f429c8e2d5b70ff9939cb6d1f68f39	4562	complete
OLP-0635	635	9620cc73f9c8e0ad003c514a5d3748f29611c4c0	content/history/set-theory/limits.tex	df5d36d65e7abafe7503527229866dfc618527177e567b16ce33ec01c683783d	4097	locale/tr/content/history/set-theory/limits.tex	668373c5c6bb502c3e8b69d11521310791000da67732e8c233cde0c954805b71	4368	complete
OLP-0636	636	9620cc73f9c8e0ad003c514a5d3748f29611c4c0	content/history/set-theory/pathologies.tex	e48c454ab4d3058f89b6ce709da28387e9d633459425ffac9cd67b64d3de96e8	5672	locale/tr/content/history/set-theory/pathologies.tex	f11aef98b9c567b7ad75964922e0bbedb4af710bfd86cda775b4d1daf5699d1d	5689	complete
OLP-0637	637	9620cc73f9c8e0ad003c514a5d3748f29611c4c0	content/history/set-theory/mythology.tex	2ffceffef7cc6445f66391a252c598448190642ea60f60a748c6fe5e6a1ec55e	2243	locale/tr/content/history/set-theory/mythology.tex	e69393aff437c786695494035571e6a7fe9ad5dac25e15fca391cfc4dd86cff4	2391	complete
OLP-0638	638	9620cc73f9c8e0ad003c514a5d3748f29611c4c0	content/history/set-theory/cantor-plane.tex	6abfeede65f95ac668d6e679053e537b0beb2ffcd566c1cdbdc223b0b767c737	3408	locale/tr/content/history/set-theory/cantor-plane.tex	0a81c3dcc9659baffb31e9a7dae09939e9f41bb013ace0d4e8276e21f8accd39	3639	complete
OLP-0639	639	9620cc73f9c8e0ad003c514a5d3748f29611c4c0	content/history/set-theory/hilbert-curve.tex	bda8e7a38876ea87b03d2564ab16b39e2b1d1d6ec75a73fae27ca1faa73ab832	8390	locale/tr/content/history/set-theory/hilbert-curve.tex	f4ad52232cef2bf78afbf3e54ec0c910a2ed29c5bb900df21bad623a9ced20e1	8879	complete
OLP-0640	640	9620cc73f9c8e0ad003c514a5d3748f29611c4c0	content/reference/reference.tex	1e302b41c3baef0828d08807ae0e2d0579d07aeb7247a1dd2a6a8679a31208ed	426	locale/tr/content/reference/reference.tex	a730eded36293b7cdd46c950a414ab23694a7bb1b66cbf248f098eb0adb52250	413	complete
OLP-0641	641	9620cc73f9c8e0ad003c514a5d3748f29611c4c0	content/reference/greek-alphabet/greek-alphabet.tex	8f30ac2b643a8da42255f860baa3176b2ce87110d0f4a504cda6155c4b99c8c6	1017	locale/tr/content/reference/greek-alphabet/greek-alphabet.tex	be147ba562cbc0febc31b73acbb3022a77c835fa3aa7859df1b6719e8b6ebba3	979	complete
OLP-0642	642	9620cc73f9c8e0ad003c514a5d3748f29611c4c0	content/reference/fraktur-alphabet/fraktur-alphabet.tex	746ec51566b461c16bdf153e75b4cac0655a5f34b21f17be95a878448a577e41	1527	locale/tr/content/reference/fraktur-alphabet/fraktur-alphabet.tex	115f939ec8f0e35e11b16fc161cdbc3c6a6122c27c639b965a19ec0e60591cc0	1487	complete
OLP-0643	643	9620cc73f9c8e0ad003c514a5d3748f29611c4c0	content/first-order-logic/axiomatic-deduction/provability.tex	ce39569c807bdbe83a1d43638f94af123c5551e2c01487e7b38ef4c373d89022	12102	locale/tr/content/first-order-logic/axiomatic-deduction/provability.tex	3f1cdde474b7f6bd4726466c7f2599a8c8a6dbb4a62b217e4efcc2f6779c19da	12109	complete
OLP-0644	644	9620cc73f9c8e0ad003c514a5d3748f29611c4c0	content/first-order-logic/completeness/maximally-consistent-sets.tex	c369885c6575d5106d042c4da0eca79b3bece0e49dcaf1e165d27691343ca82c	7179	locale/tr/content/first-order-logic/completeness/maximally-consistent-sets.tex	3d967c6805e6ef02c222b2a06907599e0a296a7ed034dd9640386dec5aa6a480	7429	complete
OLP-0645	645	9620cc73f9c8e0ad003c514a5d3748f29611c4c0	content/first-order-logic/syntax-and-semantics/introduction.tex	88e9446773c05e0441662edac722b4bac4d10fc1793e0e924abc3488266b3c22	3648	locale/tr/content/first-order-logic/syntax-and-semantics/introduction.tex	33ee688175a042374380ca4b60431f0e4e061f51082b556827fd9aa7957a1d68	3767	complete
OLP-0646	646	9620cc73f9c8e0ad003c514a5d3748f29611c4c0	content/first-order-logic/syntax-and-semantics/syntax-and-semantics.tex	1880c6998c14e22cab80c82e365930f3d21a109bed8cbff73f0af1f493cfaa09	675	locale/tr/content/first-order-logic/syntax-and-semantics/syntax-and-semantics.tex	2a8aee4721b2476e19c3ec7d636c4d6d2cf2de73b6ccc65453f2a7ad0c9187bd	623	complete
OLP-0647	647	9620cc73f9c8e0ad003c514a5d3748f29611c4c0	content/incompleteness/representability-in-q/c-representable.tex	0703dafc87bb4ccd5c6eeb697d51c70f9baac3cacca4d464f007210d9e873216	7773	locale/tr/content/incompleteness/representability-in-q/c-representable.tex	74b35f32f00376bab866d85e1debbeff1efba3dfc5ca47c04084dc96cd057ab0	8290	complete
OLP-0648	648	9620cc73f9c8e0ad003c514a5d3748f29611c4c0	content/incompleteness/representability-in-q/c.tex	6a6a1f8aaa86664555249c132e8ffc3b4d6cc1b3cccd1a71c3259410202b0752	1118	locale/tr/content/incompleteness/representability-in-q/c.tex	d14d4e47d73f137d8d84a92db7598f1c1e5d58e38e36110a161c09b9e3c5451a	1175	complete
OLP-0649	649	9620cc73f9c8e0ad003c514a5d3748f29611c4c0	content/intuitionistic-logic/semantics/propositions.tex	2b6f494870916b37912a5208ed6e9203b0631f9538169a7e9a5a825e51802061	1407	locale/tr/content/intuitionistic-logic/semantics/propositions.tex	3af81dbd0d31ff53dfc8db293b7afee988d9309c6bcbe1a2df493c2d836039cd	1396	complete
OLP-0650	650	9620cc73f9c8e0ad003c514a5d3748f29611c4c0	content/lambda-calculus/lambda-definability/lists.tex	c7121718f9c43522034b81adec1250c53177131538ffcfc8aceca2762a17b1bd	1703	locale/tr/content/lambda-calculus/lambda-definability/lists.tex	1edf5ab0168a0d34c77847f84694bdf76869f566bf020d145d917e8de6b01ba0	1708	complete
OLP-0651	651	9620cc73f9c8e0ad003c514a5d3748f29611c4c0	content/lambda-calculus/syntax/conversion.tex	fa3c320d448b1b0ae122af52bcd4db08771cb04568874d2e77e58f73345248d9	659	locale/tr/content/lambda-calculus/syntax/conversion.tex	0d4a4cfff3bba9880ca4bf950410f50969f874fd64e09768950a0b3e60f9825c	670	complete
OLP-0652	652	9620cc73f9c8e0ad003c514a5d3748f29611c4c0	content/many-valued-logic/sequent-calculus/proof-theoretic-notions.tex	932f852e0aa0fbcfeb0398de561bdcfab8be88a8865fdad6d54b68fdbe0d9ec0	5882	locale/tr/content/many-valued-logic/sequent-calculus/proof-theoretic-notions.tex	50202b2eb6a9df3f471d8763bac58971fd911c33e8c24d363a2a5c83260bc5cf	5983	complete
OLP-0653	653	9620cc73f9c8e0ad003c514a5d3748f29611c4c0	content/model-theory/basics/nonstandard-arithmetic.tex	dd7b887e3d6de8666302d81e5049e5de34c22701b3fbcc2ad33cb2f29a0b8948	11319	locale/tr/content/model-theory/basics/nonstandard-arithmetic.tex	92ff52e11c9e39a52f92dd844eaa80c8ca5264aab64c44582cd106ed863ed00b	11732	complete
OLP-0654	654	9620cc73f9c8e0ad003c514a5d3748f29611c4c0	content/normal-modal-logic/syntax-and-semantics/normal-modal-logics.tex	fef4ca446bce14d7a56030aed9e59c929a7a3c262850b88077498beba1a856ef	2444	locale/tr/content/normal-modal-logic/syntax-and-semantics/normal-modal-logics.tex	a3d255be9aa2e291cb10714b7dc1cc675ac8cd2a0464416aeae3c1ca991eef2c	2592	complete
OLP-0655	655	9620cc73f9c8e0ad003c514a5d3748f29611c4c0	content/proof-theory/cut-elimination/ce-largest.tex	64ec0682ec49bb67f7e7078f615bf988dea82ff6061a577f8b8d2321480e340f	14795	locale/tr/content/proof-theory/cut-elimination/ce-largest.tex	a675ca1bd2c467b41c2d14cd3c332638284cb3c294fc2e76b597a3fa79923fbf	15802	complete
OLP-0656	656	9620cc73f9c8e0ad003c514a5d3748f29611c4c0	content/proof-theory/cut-elimination/ce-topmost.tex	23f7c0ab26f8ab7c5db86c56f83287df46fc8dd6473632632b77ea59bfea7a80	23540	locale/tr/content/proof-theory/cut-elimination/ce-topmost.tex	38e31a8399e4a8d151c88cbfd71cd85d0cb775b45e385ca9bdf81bb1164afd56	24768	complete
OLP-0657	657	9620cc73f9c8e0ad003c514a5d3748f29611c4c0	content/proof-theory/cut-elimination/cut-elimination.tex	e99ff46f34ae092bc70018d621f18bfc6b5b08957f62eb5a81ec2615c2fd8953	336	locale/tr/content/proof-theory/cut-elimination/cut-elimination.tex	32794d1ea5b50a5b8c5ba417fd6bbf71aafb8729a0053ddc58efe80592425124	316	complete
OLP-0658	658	9620cc73f9c8e0ad003c514a5d3748f29611c4c0	content/proof-theory/cut-elimination/interpolation.tex	bbc03497792453598681584f4aa58b8a9bbcac9c3fb288fd71c794e1cfed6a0c	26938	locale/tr/content/proof-theory/cut-elimination/interpolation.tex	4839f0126351c015087cbd707245ddf8e79ae8ccdec6401a72dfc5e8f52f3a6b	27600	complete
OLP-0659	659	9620cc73f9c8e0ad003c514a5d3748f29611c4c0	content/proof-theory/cut-elimination/introduction.tex	29f5d3373c0ead285b26a31c1349d79eadb0d871fdb8b9b2c8e4e7fcaa8f012c	5370	locale/tr/content/proof-theory/cut-elimination/introduction.tex	f8e37b98e0b3c43ea248a53aee70a73d0469a7fae7de592097181b442ecd7b70	5800	complete
OLP-0660	660	9620cc73f9c8e0ad003c514a5d3748f29611c4c0	content/proof-theory/cut-elimination/intuitionistic.tex	860312dea2eabc1f0dad2257edf368b5a6f2202a4760401495485bf8d5299c25	2202	locale/tr/content/proof-theory/cut-elimination/intuitionistic.tex	7af2ef114207fb33aa10efc55990860a8ae384fb849eb4008aa821a21fbf0b12	2338	complete
OLP-0661	661	9620cc73f9c8e0ad003c514a5d3748f29611c4c0	content/proof-theory/cut-elimination/midsequent.tex	43256252e3edd0d03b8e10d16dc26bb972c63982700e939e92341e2cd4fb1714	11995	locale/tr/content/proof-theory/cut-elimination/midsequent.tex	4cf78f3a87de79250be97f56358e754fab37726bfa857b0aec2c30c8f6a3cdce	12645	complete
OLP-0662	662	9620cc73f9c8e0ad003c514a5d3748f29611c4c0	content/proof-theory/natural-deduction/grafting.tex	36f20c49cf1442555849d58b691558280acacf07ed706376ca96b41fec5ce367	3259	locale/tr/content/proof-theory/natural-deduction/grafting.tex	2123cbc48099ef9d4824e28c4a0c95174d917fc5dcb665ca4cbfab2ca8f1f66c	3560	complete
OLP-0663	663	9620cc73f9c8e0ad003c514a5d3748f29611c4c0	content/proof-theory/natural-deduction/introduction.tex	4a7afe4fd8c0f248d291ad17853b266b4150a6fd53a0635013c488aabbc7018b	5405	locale/tr/content/proof-theory/natural-deduction/introduction.tex	fe7210d866cb477390d418464cc469e2188d02efc35da7b09b9f18eafb1f9fca	5571	complete
OLP-0664	664	9620cc73f9c8e0ad003c514a5d3748f29611c4c0	content/proof-theory/natural-deduction/natural-deduction.tex	3d1b130e65a4988520a1a0e0bfb1b72c140d5279b23cebd995f01d69755083f6	392	locale/tr/content/proof-theory/natural-deduction/natural-deduction.tex	ee716eb1a9163da45bf50f9b00d9483edb885368f7de11aea5b14b26deacf2b1	372	complete
OLP-0665	665	9620cc73f9c8e0ad003c514a5d3748f29611c4c0	content/proof-theory/natural-deduction/quantifiers.tex	f659fa8c840e145231972ce409fbbde75eeb7e42ec4cefc4f4317b244c83a528	7437	locale/tr/content/proof-theory/natural-deduction/quantifiers.tex	0cceebb4fb2853899fe042a05046cc39da39ee61444cf7ff4744c03fd76bfa92	7873	complete
OLP-0666	666	9620cc73f9c8e0ad003c514a5d3748f29611c4c0	content/proof-theory/natural-deduction/rules-N1.tex	235d43cc5cf2fb2c3730d1fdd08cebffa5a5c618ea4cf6e49dafec7a1782ee0c	2784	locale/tr/content/proof-theory/natural-deduction/rules-N1.tex	212d7b84bb77e01be46332eef9f4a7e3aa6cbd8cd79b1ca7953d2c54ac101c43	2678	complete
OLP-0667	667	9620cc73f9c8e0ad003c514a5d3748f29611c4c0	content/proof-theory/natural-deduction/rules-N2.tex	de8762e959e0af5bbe4408c47e504971dd708b417ae05b4d4d68a09a0f9491dd	2991	locale/tr/content/proof-theory/natural-deduction/rules-N2.tex	7115f5450ae1db4ac312a7e5165fe09a6890eda878705d35fd2f4e4e9bb018ee	2888	complete
OLP-0668	668	9620cc73f9c8e0ad003c514a5d3748f29611c4c0	content/proof-theory/natural-deduction/rules-proofs.tex	401980e35bc8666a063fa4c30c545afd56cb0e5a95993c1c710e8e0cb15509e1	11080	locale/tr/content/proof-theory/natural-deduction/rules-proofs.tex	e0d35e0623b1d3952b195bd109d4353f471ff08ddd89852aba4cbf77789c0d36	11192	complete
OLP-0669	669	9620cc73f9c8e0ad003c514a5d3748f29611c4c0	content/proof-theory/natural-deduction/sequents.tex	7bbcd1e76eea4d6e21e06a63ce38207f393e0e326d4a1c089f2ba2289cb2c865	5778	locale/tr/content/proof-theory/natural-deduction/sequents.tex	20023d70ff1254569e758a2010f5db51123b1b561187f32d78fad2e97cf3e5a6	6001	complete
OLP-0670	670	9620cc73f9c8e0ad003c514a5d3748f29611c4c0	content/proof-theory/natural-deduction/translation-G2i.tex	77ca62c0fbd87b5453d2e3684f3bc8fc4552267948dd31c62cd9093c77472393	8642	locale/tr/content/proof-theory/natural-deduction/translation-G2i.tex	1a274313c31e9ef7212a5ce16b2a5a664b2c8fa40f844f6e148fd354b4810c51	9260	complete
OLP-0671	671	9620cc73f9c8e0ad003c514a5d3748f29611c4c0	content/proof-theory/natural-deduction/translation-N2i.tex	d86df7cf8214e1be21b79edb8b2403189d9e5aea9655c9d0a289f15a06f70085	4372	locale/tr/content/proof-theory/natural-deduction/translation-N2i.tex	48c50bcc2d02752db31d0e65e7033579d66b955101c40f5505e42ce1cc333039	4483	complete
OLP-0672	672	9620cc73f9c8e0ad003c514a5d3748f29611c4c0	content/proof-theory/normalization/introduction.tex	e7d822cb037c302eab15903e0b9111f4143cf9feab4dbb2e22e8c3411bc88f89	2448	locale/tr/content/proof-theory/normalization/introduction.tex	0d5bcd4c7db226dbfbb0828b9a4000b55d692134064e47a8b44ff808b15e8636	2543	complete
OLP-0673	673	9620cc73f9c8e0ad003c514a5d3748f29611c4c0	content/proof-theory/normalization/normalization-thm.tex	9d53604ab4e2466f9f7494374dd967a9f267ea1cb1843860c088444af7b56862	2318	locale/tr/content/proof-theory/normalization/normalization-thm.tex	07aec4ee40f00fdcb939e68b1b48770f9389fb0d153a27428cbb5b50ed247109	2463	complete
OLP-0674	674	9620cc73f9c8e0ad003c514a5d3748f29611c4c0	content/proof-theory/normalization/normalization.tex	be1be227ff38872ed4194551daf55be05c765cf66e83498cc08d0d6c8844cd57	361	locale/tr/content/proof-theory/normalization/normalization.tex	d3071eff2773eb2cef77e42aefc322cac05ae126fb616a1fb8f67b2501e22470	342	complete
OLP-0675	675	9620cc73f9c8e0ad003c514a5d3748f29611c4c0	content/proof-theory/normalization/permutations.tex	594005d50c359946d7ff673f0b6eb86dcf0c56e8cd9bd001a66981bdf6602310	12368	locale/tr/content/proof-theory/normalization/permutations.tex	eac5227dfa17afac56dd3d12c5e33364bed957e9c4f46c123af055c73659bc8b	11896	complete
OLP-0676	676	9620cc73f9c8e0ad003c514a5d3748f29611c4c0	content/proof-theory/normalization/reductions.tex	97d1a7e894ca1acaceafe77023cda83c19b85717dc5e97f5b5bd0ef751d0d419	10426	locale/tr/content/proof-theory/normalization/reductions.tex	16cbe3886408c1db2d402be5bc2a0cae9a2eb5bd977461af9dec45c6c489e334	10728	complete
OLP-0677	677	9620cc73f9c8e0ad003c514a5d3748f29611c4c0	content/proof-theory/normalization/segments.tex	d010c5a559ecb648995f44d8a7da6150a6979e61f5ada1a10990fc149ddde243	3790	locale/tr/content/proof-theory/normalization/segments.tex	38ef0e894d1ba989e013347df97ef98d2fb0c03ba3af46ba54257f5254255155	4023	complete
OLP-0678	678	9620cc73f9c8e0ad003c514a5d3748f29611c4c0	content/proof-theory/normalization/translations.tex	a4c49477d57cd7f79e43992953978e3c672db43ff1d0010edb42603665ba34f4	13305	locale/tr/content/proof-theory/normalization/translations.tex	0d84ef1df4b510f1d73b8b3aa565007ab627611928daa0a9246480865f34da19	13835	complete
OLP-0679	679	9620cc73f9c8e0ad003c514a5d3748f29611c4c0	content/proof-theory/proof-search/completeness.tex	e5bb86c0415c28d010d433610349f0b1defa84eb33d80a5f8242dcb1c6308840	9192	locale/tr/content/proof-theory/proof-search/completeness.tex	9dfed26cd43fb2cc5ee1051171abc7299c29d5deefe2961495d917627b599b63	10022	complete
OLP-0680	680	9620cc73f9c8e0ad003c514a5d3748f29611c4c0	content/proof-theory/proof-search/introduction.tex	8f6b2e6c0ec8a7e1a00ef22d7f840643b6fa02aa8b7b9e2e09b40e6efd60933b	6621	locale/tr/content/proof-theory/proof-search/introduction.tex	293fe6b606f4fdfcdb32515d33c2727858ede88f37493056348f79b0aae24129	6854	complete
OLP-0681	681	9620cc73f9c8e0ad003c514a5d3748f29611c4c0	content/proof-theory/proof-search/proof-search.tex	034e18d6cebbf15dc804eb5bb383e4a989f2bba60613d5ec59668bb03c5075e8	309	locale/tr/content/proof-theory/proof-search/proof-search.tex	fcef36282f261df9e90c69887e120ac787c072328a40fcc757da36c51ce5dcf2	290	complete
OLP-0682	682	9620cc73f9c8e0ad003c514a5d3748f29611c4c0	content/proof-theory/proof-search/rules-Tc.tex	c0938bb04a66e01c9abbe93289be6fce6c185cb032b1415b4a8a03d6fa542a38	2240	locale/tr/content/proof-theory/proof-search/rules-Tc.tex	2b70ff946c28a12dcae25f3ce3c203bf11df40779e22c5a49b06ee63bb12193d	2163	complete
OLP-0683	683	9620cc73f9c8e0ad003c514a5d3748f29611c4c0	content/proof-theory/proof-search/search-algorithm.tex	cb91e07077ec7c1eccf4abef3ff86af7c4dd21838986adff2fac5037439be095	6758	locale/tr/content/proof-theory/proof-search/search-algorithm.tex	da220d9a531966300367e0337703585b52751e076877097622402f9d9e38c67d	6940	complete
OLP-0684	684	9620cc73f9c8e0ad003c514a5d3748f29611c4c0	content/proof-theory/proof-search/tableaux.tex	21be4b2a208c359f5fd90b18911e1363fbb03292d09a8d8a756707abae255884	8777	locale/tr/content/proof-theory/proof-search/tableaux.tex	7e18c46bddc4e4677445f8e77273ce13b1f8e5da03c59f8a776eb0479e0f32fe	9118	complete
OLP-0685	685	9620cc73f9c8e0ad003c514a5d3748f29611c4c0	content/proof-theory/proof-theory.tex	8f25f4d43c10bb3ef51d57ee0e08d3d2ff2db67f55f94a0381fa2ce922b7f843	552	locale/tr/content/proof-theory/proof-theory.tex	a0d480a1ef0823461f3050f5d269b9e9eaf14620d19b45abcbd5cb7bc5302dde	524	complete
OLP-0686	686	9620cc73f9c8e0ad003c514a5d3748f29611c4c0	content/proof-theory/propositions-as-types/introduction.tex	340db7b4220e6c9596deaeaa90c7091ac94cb43630d014e14012ab92bb26a15d	5941	locale/tr/content/proof-theory/propositions-as-types/introduction.tex	342410973a36e3f215a4c0f46dc6c0f9be2f557c5fc9b3b5fd5b13259bb0da04	6001	complete
OLP-0687	687	9620cc73f9c8e0ad003c514a5d3748f29611c4c0	content/proof-theory/propositions-as-types/normalization.tex	abb9f9bc4d5a50031e5db507cf7a164d07625cccefc98a9c2c90ae0eb03223cc	11252	locale/tr/content/proof-theory/propositions-as-types/normalization.tex	70ad5548ef6ff74eab02e1a9699b88d4030179a00819e56873f011b7913528d4	12647	complete
OLP-0688	688	9620cc73f9c8e0ad003c514a5d3748f29611c4c0	content/proof-theory/propositions-as-types/proof-terms.tex	902be4badf2f41ac113c0ccc78f7e784149e151da319f7f9e5a95207471fa716	5960	locale/tr/content/proof-theory/propositions-as-types/proof-terms.tex	e8cdc017291b872c3aa07fc8a0a21a6cc5503b7863b11c4b47f1791e4e72fa6b	6004	complete
OLP-0689	689	9620cc73f9c8e0ad003c514a5d3748f29611c4c0	content/proof-theory/propositions-as-types/proofs-to-terms.tex	ef162d32fcfeba5dc884bba4bfb795d7e758d409741d6cc671eb189e3c6f4e63	3633	locale/tr/content/proof-theory/propositions-as-types/proofs-to-terms.tex	bb4c96b0fd39549fdec401cdd93f433f64e63340727933193f1eca81f70ac342	3685	complete
OLP-0690	690	9620cc73f9c8e0ad003c514a5d3748f29611c4c0	content/proof-theory/propositions-as-types/propositions-as-types.tex	8e9e7241ac6a83d5fc5f21742cf2b9e59451c7cbf3e8da324b3c1c3443501bc0	1034	locale/tr/content/proof-theory/propositions-as-types/propositions-as-types.tex	1d82e1cd0b89dd55123951c8c84efd827b72d2338c940f729f0d23c25a1aa2db	1035	complete
OLP-0691	691	9620cc73f9c8e0ad003c514a5d3748f29611c4c0	content/proof-theory/propositions-as-types/reduction.tex	2611124bd3d4c4a0028b4786ff23a9e773da2c59950678e08e4e4099c4dee705	6446	locale/tr/content/proof-theory/propositions-as-types/reduction.tex	8fe12b2b33a9baf76b164f412a374c682e4699257b05b1d743051a494bd759c8	6432	complete
OLP-0692	692	9620cc73f9c8e0ad003c514a5d3748f29611c4c0	content/proof-theory/propositions-as-types/rules-tN2.tex	f454a80ca9e593a7e2ff12db317e9830a63c603b4094d6cf9f8177a927bed044	2127	locale/tr/content/proof-theory/propositions-as-types/rules-tN2.tex	8cdafd451d90b7e252911b5140f647147d972be3169502f77bf045901c65499a	2065	complete
OLP-0693	693	9620cc73f9c8e0ad003c514a5d3748f29611c4c0	content/proof-theory/propositions-as-types/rules-tN3.tex	920460915c6fb200b4ab1a785aa84affce15e404b04512f11319b5976a2a66c0	2127	locale/tr/content/proof-theory/propositions-as-types/rules-tN3.tex	64e578465455560b0553ed9d6c0838615b08b728ed89731cb10d458c9dc4f030	2066	complete
OLP-0694	694	9620cc73f9c8e0ad003c514a5d3748f29611c4c0	content/proof-theory/propositions-as-types/sequent-natural-deduction.tex	6fbab7c45c11e351116316cfcfd77f71931428c35c32303dbd93413235eb679a	4351	locale/tr/content/proof-theory/propositions-as-types/sequent-natural-deduction.tex	e5403837d6b08ba08c1534f9c20f2ea068293c52c171b0391aa3f7713e4742b4	4533	complete
OLP-0695	695	9620cc73f9c8e0ad003c514a5d3748f29611c4c0	content/proof-theory/propositions-as-types/terms-to-proofs.tex	cde54c448a688241f931d3d516a3cf7286a78fed2a11609b81471b1ab641cdf8	3929	locale/tr/content/proof-theory/propositions-as-types/terms-to-proofs.tex	940c698d191fd6a85a603deb9dcdbe19f712ea62765a78b0c37835244fc4097c	3936	complete
OLP-0696	696	9620cc73f9c8e0ad003c514a5d3748f29611c4c0	content/proof-theory/propositions-as-types/type-preservation.tex	75ba84fa67befc0aea744fd4094b0936dbd38c273dcb5e60919b123486a2cdf7	4751	locale/tr/content/proof-theory/propositions-as-types/type-preservation.tex	f21365ced439afd9f434d7949445cf56926ba6df9fd62301f930fd176cd7c4b9	4875	complete
OLP-0697	697	9620cc73f9c8e0ad003c514a5d3748f29611c4c0	content/proof-theory/propositions-as-types/types.tex	0129408d5454176b6a10e8bd7cf503d66373d3d2fa13c9f3c2fb517de665b7c6	5132	locale/tr/content/proof-theory/propositions-as-types/types.tex	4a2c4f302f8d2a1d5bc226465b9cba9b22268614f3ba19f45b733e12ad79a3c5	5350	complete
OLP-0698	698	9620cc73f9c8e0ad003c514a5d3748f29611c4c0	content/proof-theory/sequent-calculus/admissible-derivable.tex	42bd3c0e07c6be9b6c82e85adee3933c295c10411c3d60a4778221db0b864862	10251	locale/tr/content/proof-theory/sequent-calculus/admissible-derivable.tex	875baa97421c82656a532e5a366a904d7a599b7edf599e113cedc61a54e7195e	10740	complete
OLP-0699	699	9620cc73f9c8e0ad003c514a5d3748f29611c4c0	content/proof-theory/sequent-calculus/interpretation-rules.tex	54866e2d7c5736d5719a516e6193f8e805fb78504089ec01844d0b7cc5bd79db	6759	locale/tr/content/proof-theory/sequent-calculus/interpretation-rules.tex	f2cbfec234e10e6f23c9bbd92b0f9e83cc749217a3daf2d95e89bbbb4e94c493	7160	complete
OLP-0700	700	9620cc73f9c8e0ad003c514a5d3748f29611c4c0	content/proof-theory/sequent-calculus/introduction.tex	2d6db9e0bb62467e90e007ae01cdd74d16e48f0110fc332ccbe67b1b3c47ae0f	6403	locale/tr/content/proof-theory/sequent-calculus/introduction.tex	839610d4d74270671975d07d6256848fdd8a65ef71047c69a19cf7413559d857	6725	complete
OLP-0701	701	9620cc73f9c8e0ad003c514a5d3748f29611c4c0	content/proof-theory/sequent-calculus/invertibility.tex	6d33bf9ab5325569e7b97eb00221de556688ab8d64bedf39637bac5b57ebcd8c	15789	locale/tr/content/proof-theory/sequent-calculus/invertibility.tex	291aebf888b55fed55356287350ea744868a47857c25494aa3c0460f8c52b33e	16094	complete
OLP-0702	702	9620cc73f9c8e0ad003c514a5d3748f29611c4c0	content/proof-theory/sequent-calculus/proof-examples.tex	c519583876b9c2dd3f92f13417818e1254fc3de080535f3e2d5c35ddb759f605	13362	locale/tr/content/proof-theory/sequent-calculus/proof-examples.tex	f2cdbb4c10984021ec86f205dc34810be509d6b6856506cb8dd7f88d5548dbc3	13392	complete
OLP-0703	703	9620cc73f9c8e0ad003c514a5d3748f29611c4c0	content/proof-theory/sequent-calculus/quantifiers.tex	15c8fe5ebaeac187948c9c217934511e70735afdb4de68191355fb590b25287c	6808	locale/tr/content/proof-theory/sequent-calculus/quantifiers.tex	c9115bbfce6786266d1085f4f5a53d2f8a63947b249f36c7f8e2138028b21373	7015	complete
OLP-0704	704	9620cc73f9c8e0ad003c514a5d3748f29611c4c0	content/proof-theory/sequent-calculus/rules-G1c.tex	895b9680300186beb0a6df68e9556a1e8a1b00f8c63a866632c567e01ff3d93f	3333	locale/tr/content/proof-theory/sequent-calculus/rules-G1c.tex	2d00780163d53f91177d93cf929d446f31ebf28cfa59d41e26522a20e792e353	3235	complete
OLP-0705	705	9620cc73f9c8e0ad003c514a5d3748f29611c4c0	content/proof-theory/sequent-calculus/rules-G1i.tex	0d23c141ee1f2cd75dd6eced909f5952ac2103ff49991cae288bd4da57be840b	3267	locale/tr/content/proof-theory/sequent-calculus/rules-G1i.tex	5966246b22ddfa6911dfce80c9921860cc769033603d90584d1e574fcfb62843	3213	complete
OLP-0706	706	9620cc73f9c8e0ad003c514a5d3748f29611c4c0	content/proof-theory/sequent-calculus/rules-G2c.tex	0258576664b34fc6c3f04233389e57ccaa5afc791dfcdf62d77c1f3dc9a967d1	3439	locale/tr/content/proof-theory/sequent-calculus/rules-G2c.tex	11b0b79fc4e2782f48bc0e3537c0fdd19893c912f34c55277f2c105873d0aa3f	3341	complete
OLP-0707	707	9620cc73f9c8e0ad003c514a5d3748f29611c4c0	content/proof-theory/sequent-calculus/rules-G3c.tex	9b1dcced34fabc81925121e2696d8e1e027ade6caf3707ed2fb61155ef2faf79	2496	locale/tr/content/proof-theory/sequent-calculus/rules-G3c.tex	e24c0d5dab0aa0e31dbdbd79fd991e217ee1454a2f400a3400a4b42f61464fed	2435	complete
OLP-0708	708	9620cc73f9c8e0ad003c514a5d3748f29611c4c0	content/proof-theory/sequent-calculus/rules-G3i.tex	322da67057a42c3ebe53c965b06a4df8ae914b873779e9d7125546312f84fa6f	2513	locale/tr/content/proof-theory/sequent-calculus/rules-G3i.tex	839e4ec89213e82c39c5d1aad34c707864c08a559ac2a0a2a6eacb5b5c8c7d37	2506	complete
OLP-0709	709	9620cc73f9c8e0ad003c514a5d3748f29611c4c0	content/proof-theory/sequent-calculus/rules-LK.tex	c4e853e27fbfcf7386dd22a73d10eac3c507c35016c4368bae72c5cd9edfa55d	3644	locale/tr/content/proof-theory/sequent-calculus/rules-LK.tex	45cdc9b6196fe1a42286783ba49a17dd7d1307dfb4a6dc5fb59c9a32ae0b9427	3525	complete
OLP-0710	710	9620cc73f9c8e0ad003c514a5d3748f29611c4c0	content/proof-theory/sequent-calculus/rules-mG3i.tex	a7b114259de1d1770b989ff4e9ad2d94f6cea2ebc8bd570ee25f35739b349a3c	2604	locale/tr/content/proof-theory/sequent-calculus/rules-mG3i.tex	92cfd2e2807518cdef7d5dd8fab53448ede413984fbd284a84d13dd90cfc8348	2574	complete
OLP-0711	711	9620cc73f9c8e0ad003c514a5d3748f29611c4c0	content/proof-theory/sequent-calculus/rules-proofs.tex	8eed76ae91f4518e1cdc5f7cdd36890e1c8004a7f2f94b263e7caa8f405e5c8a	8046	locale/tr/content/proof-theory/sequent-calculus/rules-proofs.tex	e51c59cecc4cf2cd52704adbf4979da505b63b4b79e9c90d0e4e30d0ba387d01	8153	complete
OLP-0712	712	9620cc73f9c8e0ad003c514a5d3748f29611c4c0	content/proof-theory/sequent-calculus/sequent-calculus.tex	18040cb58699de518bd453b32faac3807c3fc62b9d2940dc344564c995dd7317	440	locale/tr/content/proof-theory/sequent-calculus/sequent-calculus.tex	49746eff85260114025ff20e227f68af57e04e8d4bd8bf2566cba0c25566eff1	411	complete
OLP-0713	713	9620cc73f9c8e0ad003c514a5d3748f29611c4c0	content/proof-theory/sequent-calculus/translations.tex	fe035ce79aae2c23f8756a69fc344736ff35e02f1ce9a40fe957ea55fab5b7d0	3844	locale/tr/content/proof-theory/sequent-calculus/translations.tex	57b9b0c1bd90bddb29b93a1ae9564294d0cd9bef09d638552cbfeb7aaf31bb07	3862	complete
OLP-0714	714	9620cc73f9c8e0ad003c514a5d3748f29611c4c0	content/propositional-logic/syntax-and-semantics/completeness.tex	15c4d35ccd3a79ae4e165ca8c5195d8190a81e7fff32cf12fdd8279a35d2336c	4133	locale/tr/content/propositional-logic/syntax-and-semantics/completeness.tex	eca8d0bf5cb08998c60b8eb894bb4d504ac31b88b2ed401af46d19a4be9708b8	4296	complete
OLP-0715	715	9620cc73f9c8e0ad003c514a5d3748f29611c4c0	content/propositional-logic/syntax-and-semantics/soundness.tex	e76bcb10a0a5ae28ffd1905cb127834d29995b886ed7faa87468449e41d84f12	963	locale/tr/content/propositional-logic/syntax-and-semantics/soundness.tex	86ba9069a43feaf2f385d198c6a52f3aaf404156042e1db619f068db893706c7	980	complete
OLP-0716	716	9620cc73f9c8e0ad003c514a5d3748f29611c4c0	content/second-order-logic/syntax-and-semantics/language-of-sol.tex	b334d1a0decdc9ded917dc1b9b5e49dfafc14c67949233c912f7b19b432121d8	1747	locale/tr/content/second-order-logic/syntax-and-semantics/language-of-sol.tex	033ebcad342d58537cfb4fe4ff65e5bd5cbb1fe2ee17e87b83dcbb3d6749b262	1947	complete
OLP-0717	717	9620cc73f9c8e0ad003c514a5d3748f29611c4c0	content/sets-functions-relations/functions/isomorphic-functions.tex	2b84ab8574d4edab2ff4cb52ab2af2cdd474060649326ad6d797b56b78419790	1590	locale/tr/content/sets-functions-relations/functions/isomorphic-functions.tex	6e0a650d8568a2bad55d37df7bf2aeb707ac4b1052afd1c947e28e21d86519b5	1608	complete
OLP-0718	718	9620cc73f9c8e0ad003c514a5d3748f29611c4c0	content/sets-functions-relations/inductive-defs-proofs/introduction.tex	0a3327920db03385bcae0062435654fd82227d5e622e87f4194628de4fdbddda	5144	locale/tr/content/sets-functions-relations/inductive-defs-proofs/introduction.tex	41f17f50d28b613a021f3dbd6fad169d8e48f379da0fa67a3b12ec7bceac94dd	5279	complete
OLP-0719	719	9620cc73f9c8e0ad003c514a5d3748f29611c4c0	content/sets-functions-relations/relations/relations.tex	69e7b017e60673c488d1ec98c186ed0986bc1489b8554f848c95c189af5c9e54	403	locale/tr/content/sets-functions-relations/relations/relations.tex	747f412335ccdbfd27c1f5095670a1e2728123261a5d6ea52541bf613d39fb41	373	complete
OLP-0720	720	9620cc73f9c8e0ad003c514a5d3748f29611c4c0	content/sets-functions-relations/sets-functions-relations.tex	62c683ba88df4742cbef61369a755fbae8dd53e2173d5f3d1b8a9fc675f27538	999	locale/tr/content/sets-functions-relations/sets-functions-relations.tex	73b909d9edece6af94d3c4da71473991f028bb85efb8f74c9145aeefba233ff5	974	complete
OLP-0721	721	9620cc73f9c8e0ad003c514a5d3748f29611c4c0	content/sets-functions-relations/sets/proofs-about-sets.tex	394714c03cea3d400ca79ed47f0c4b47c496cb714a3fd8e5c03debec1ab55161	4325	locale/tr/content/sets-functions-relations/sets/proofs-about-sets.tex	451d31ace22d403b4814c447328c75d6c0009111e921686a623979b32681127f	4643	complete
OLP-0722	722	9620cc73f9c8e0ad003c514a5d3748f29611c4c0	content/sets-functions-relations/size-of-sets/size-of-sets.tex	877c8e21a7381df4092d6d61cba7384197674ec0e182bf1aeee56dff00109793	890	locale/tr/content/sets-functions-relations/size-of-sets/size-of-sets.tex	969294ad96f3f6b0a854a370298b89a4d1c9c9e453a0170b1da53e2fe1d76169	865	complete
